,Date,P_SUM
0,2022-06-27T22:38:00Z,104413.20931652513
1,2022-06-27T22:39:00Z,105771.38543460643
2,2022-06-27T22:40:00Z,103772.55220220234
3,2022-06-27T22:41:00Z,105454.38428694475
4,2022-06-27T22:42:00Z,111023.1440519498
5,2022-06-27T22:43:00Z,111282.64523252942
6,2022-06-27T22:44:00Z,122737.81831176102
7,2022-06-27T22:45:00Z,122584.03182688137
8,2022-06-27T22:46:00Z,95299.88478160434
9,2022-06-27T22:47:00Z,111364.79718444467
10,2022-06-27T22:48:00Z,99181.2792054843
11,2022-06-27T22:49:00Z,112412.77965106993
12,2022-06-27T22:50:00Z,131795.05130272766
13,2022-06-27T22:51:00Z,97206.47530442796
14,2022-06-27T22:52:00Z,129679.16447540258
15,2022-06-27T22:53:00Z,89449.3764069301
16,2022-06-27T22:54:00Z,72297.68816073368
17,2022-06-27T22:55:00Z,69886.2064797956
18,2022-06-27T22:56:00Z,78310.02914908859
19,2022-06-27T22:57:00Z,90814.44475229604
20,2022-06-27T22:58:00Z,123752.44190037539
21,2022-06-27T22:59:00Z,101604.1249875344
22,2022-06-27T23:00:00Z,100986.67699056602
23,2022-06-27T23:01:00Z,113529.48257389084
24,2022-06-27T23:02:00Z,113246.74195538412
25,2022-06-27T23:03:00Z,110697.34371660558
26,2022-06-27T23:04:00Z,107604.7490616506
27,2022-06-27T23:05:00Z,117093.36303812575
28,2022-06-27T23:06:00Z,105380.37016834607
29,2022-06-27T23:07:00Z,99586.35516825362
30,2022-06-27T23:08:00Z,107743.13544410426
31,2022-06-27T23:09:00Z,112232.2076750236
32,2022-06-27T23:10:00Z,107025.5727282055
33,2022-06-27T23:11:00Z,107918.06220717033
34,2022-06-27T23:12:00Z,111331.42300595086
35,2022-06-27T23:13:00Z,113042.20942299571
36,2022-06-27T23:14:00Z,117042.78679271617
37,2022-06-27T23:15:00Z,102490.53352237334
38,2022-06-27T23:16:00Z,111887.6298219458
39,2022-06-27T23:17:00Z,116442.02632331917
40,2022-06-27T23:18:00Z,104420.4584459043
41,2022-06-27T23:19:00Z,115786.67784329882
42,2022-06-27T23:20:00Z,111284.93431783048
43,2022-06-27T23:21:00Z,111249.47195602953
44,2022-06-27T23:22:00Z,106337.48705800058
45,2022-06-27T23:23:00Z,107453.69321405356
46,2022-06-27T23:24:00Z,116430.66386275264
47,2022-06-27T23:25:00Z,109115.00335736718
48,2022-06-27T23:26:00Z,110326.5025844975
49,2022-06-27T23:27:00Z,106314.67353895293
50,2022-06-27T23:28:00Z,111396.31684461593
51,2022-06-27T23:29:00Z,111186.48834940219
52,2022-06-27T23:30:00Z,117766.75592062317
53,2022-06-27T23:31:00Z,108436.93185327071
54,2022-06-27T23:32:00Z,113126.62468222433
55,2022-06-27T23:33:00Z,111415.64617759429
56,2022-06-27T23:34:00Z,101608.86481106534
57,2022-06-27T23:35:00Z,124645.3832425168
58,2022-06-27T23:36:00Z,111271.16088957836
59,2022-06-27T23:37:00Z,111345.14038786867
60,2022-06-27T23:38:00Z,105465.08634365049
61,2022-06-27T23:39:00Z,110110.96601127578
62,2022-06-27T23:40:00Z,112463.60486194707
63,2022-06-27T23:41:00Z,122942.92145237874
64,2022-06-27T23:42:00Z,106940.02889204772
65,2022-06-27T23:43:00Z,111417.36232633173
66,2022-06-27T23:44:00Z,103676.26008378639
67,2022-06-27T23:45:00Z,104057.18024274602
68,2022-06-27T23:46:00Z,109688.36567359055
69,2022-06-27T23:47:00Z,106196.22601415291
70,2022-06-27T23:48:00Z,99372.39836989928
71,2022-06-27T23:49:00Z,131230.6738625134
72,2022-06-27T23:50:00Z,95493.11873886218
73,2022-06-27T23:51:00Z,114690.47307730817
74,2022-06-27T23:52:00Z,106895.08721580399
75,2022-06-27T23:53:00Z,87917.341707386
76,2022-06-27T23:54:00Z,97905.88117001117
77,2022-06-27T23:55:00Z,129018.51207224684
78,2022-06-27T23:56:00Z,76284.97290324859
79,2022-06-27T23:57:00Z,27099.671284046774
80,2022-06-27T23:58:00Z,406.2706519917399
81,2022-06-27T23:59:00Z,273.30437824975525
82,2022-06-28T00:00:00Z,59278.945753923035
83,2022-06-28T00:01:00Z,97564.76372073014
84,2022-06-28T00:02:00Z,96850.07134217597
85,2022-06-28T00:03:00Z,87461.7412214919
86,2022-06-28T00:04:00Z,85497.36243755976
87,2022-06-28T00:05:00Z,97594.88937385447
88,2022-06-28T00:06:00Z,97505.63317485951
89,2022-06-28T00:07:00Z,91910.82031824345
90,2022-06-28T00:08:00Z,99196.67431862238
91,2022-06-28T00:09:00Z,96059.90600514536
92,2022-06-28T00:10:00Z,103635.8303869249
93,2022-06-28T00:11:00Z,96845.29426529515
94,2022-06-28T00:12:00Z,98171.96471815334
95,2022-06-28T00:13:00Z,109809.2137111221
96,2022-06-28T00:14:00Z,103590.52399373375
97,2022-06-28T00:15:00Z,109461.76335867489
98,2022-06-28T00:16:00Z,102700.05883519065
99,2022-06-28T00:17:00Z,111359.7435347031
100,2022-06-28T00:18:00Z,102194.03560764546
101,2022-06-28T00:19:00Z,111304.28103439005
102,2022-06-28T00:20:00Z,113319.78579587842
103,2022-06-28T00:21:00Z,104815.26961400149
104,2022-06-28T00:22:00Z,103163.10417022034
105,2022-06-28T00:23:00Z,104179.28574714481
106,2022-06-28T00:24:00Z,118672.73393949946
107,2022-06-28T00:25:00Z,99177.49699261613
108,2022-06-28T00:26:00Z,106350.99771708857
109,2022-06-28T00:27:00Z,109423.9264284396
110,2022-06-28T00:28:00Z,99637.89235051801
111,2022-06-28T00:29:00Z,120850.86363050413
112,2022-06-28T00:30:00Z,99633.88778171795
113,2022-06-28T00:31:00Z,105238.8031148388
114,2022-06-28T00:32:00Z,113517.27345371344
115,2022-06-28T00:33:00Z,131656.71082172295
116,2022-06-28T00:34:00Z,101658.66688529825
117,2022-06-28T00:35:00Z,110545.49124603612
118,2022-06-28T00:36:00Z,113312.93334152947
119,2022-06-28T00:37:00Z,111134.65829593648
120,2022-06-28T00:38:00Z,122632.52121946054
121,2022-06-28T00:39:00Z,131271.98770911523
122,2022-06-28T00:40:00Z,114047.44001184849
123,2022-06-28T00:41:00Z,113225.21467476411
124,2022-06-28T00:42:00Z,109965.62755502424
125,2022-06-28T00:43:00Z,110226.76871454559
126,2022-06-28T00:44:00Z,116091.03205710665
127,2022-06-28T00:45:00Z,111840.60245703883
128,2022-06-28T00:46:00Z,104963.62991564102
129,2022-06-28T00:47:00Z,125693.09362664036
130,2022-06-28T00:48:00Z,107674.46671019337
131,2022-06-28T00:49:00Z,116244.52334245064
132,2022-06-28T00:50:00Z,113354.3166576234
133,2022-06-28T00:51:00Z,105635.7706531782
134,2022-06-28T00:52:00Z,111773.2490657352
135,2022-06-28T00:53:00Z,111488.32446959314
136,2022-06-28T00:54:00Z,111918.16941965847
137,2022-06-28T00:55:00Z,104041.51920056138
138,2022-06-28T00:56:00Z,114185.0528883638
139,2022-06-28T00:57:00Z,106238.3146492501
140,2022-06-28T00:58:00Z,101763.21525179037
141,2022-06-28T00:59:00Z,122509.95398888043
142,2022-06-28T01:00:00Z,105551.8882499002
143,2022-06-28T01:01:00Z,112822.89230000183
144,2022-06-28T01:02:00Z,112648.59002947461
145,2022-06-28T01:03:00Z,113874.13825986034
146,2022-06-28T01:04:00Z,108474.2076549237
147,2022-06-28T01:05:00Z,132064.815781193
148,2022-06-28T01:06:00Z,99746.28862216929
149,2022-06-28T01:07:00Z,113590.72525165064
150,2022-06-28T01:08:00Z,114105.32273680848
151,2022-06-28T01:09:00Z,107013.7266618797
152,2022-06-28T01:10:00Z,117337.57853728246
153,2022-06-28T01:11:00Z,110773.83099731771
154,2022-06-28T01:12:00Z,115292.44496836435
155,2022-06-28T01:13:00Z,99247.79406379689
156,2022-06-28T01:14:00Z,123996.432216337
157,2022-06-28T01:15:00Z,116599.72638309856
158,2022-06-28T01:16:00Z,123074.39384593225
159,2022-06-28T01:17:00Z,103139.08008361186
160,2022-06-28T01:18:00Z,112095.48754842817
161,2022-06-28T01:19:00Z,119187.68254649996
162,2022-06-28T01:20:00Z,120312.29478978582
163,2022-06-28T01:21:00Z,132130.37829155487
164,2022-06-28T01:22:00Z,102728.7084906365
165,2022-06-28T01:23:00Z,107238.49308514777
166,2022-06-28T01:24:00Z,114349.3764167268
167,2022-06-28T01:25:00Z,99498.40965519719
168,2022-06-28T01:26:00Z,111624.24897107383
169,2022-06-28T01:27:00Z,107941.71409289938
170,2022-06-28T01:28:00Z,111642.35010767418
171,2022-06-28T01:29:00Z,108858.34856555007
172,2022-06-28T01:30:00Z,104984.90407305353
173,2022-06-28T01:31:00Z,119470.23319716407
174,2022-06-28T01:32:00Z,113239.47422596996
175,2022-06-28T01:33:00Z,108168.29994316491
176,2022-06-28T01:34:00Z,109599.64565673823
177,2022-06-28T01:35:00Z,108355.65186257561
178,2022-06-28T01:36:00Z,105635.61349060855
179,2022-06-28T01:37:00Z,123168.7890114923
180,2022-06-28T01:38:00Z,112411.83285053086
181,2022-06-28T01:39:00Z,109416.56789398527
182,2022-06-28T01:40:00Z,118177.30556916381
183,2022-06-28T01:41:00Z,112290.35200498054
184,2022-06-28T01:42:00Z,118540.86622803245
185,2022-06-28T01:43:00Z,112979.97304539032
186,2022-06-28T01:44:00Z,122205.72472431886
187,2022-06-28T01:45:00Z,111583.68838855908
188,2022-06-28T01:46:00Z,106190.82544259077
189,2022-06-28T01:47:00Z,121712.50983043105
190,2022-06-28T01:48:00Z,113179.87252500946
191,2022-06-28T01:49:00Z,109796.92709067227
192,2022-06-28T01:50:00Z,117331.01795627727
193,2022-06-28T01:51:00Z,110628.55723549964
194,2022-06-28T01:52:00Z,107768.98477854604
195,2022-06-28T01:53:00Z,122954.57193861781
196,2022-06-28T01:54:00Z,110958.50117446743
197,2022-06-28T01:55:00Z,111660.3932022249
198,2022-06-28T01:56:00Z,114414.67289092757
199,2022-06-28T01:57:00Z,109948.59246294445
200,2022-06-28T01:58:00Z,118459.82988089777
201,2022-06-28T01:59:00Z,121171.02590418086
202,2022-06-28T02:00:00Z,111581.36637395776
203,2022-06-28T02:01:00Z,115953.23762406818
204,2022-06-28T02:02:00Z,101740.907480229
205,2022-06-28T02:03:00Z,112690.44300387212
206,2022-06-28T02:04:00Z,128156.44228177484
207,2022-06-28T02:05:00Z,98094.80421619018
208,2022-06-28T02:06:00Z,112520.39077511102
209,2022-06-28T02:07:00Z,109420.79415347886
210,2022-06-28T02:08:00Z,101955.31131878162
211,2022-06-28T02:09:00Z,120307.21235757844
212,2022-06-28T02:10:00Z,109060.88172395638
213,2022-06-28T02:11:00Z,118816.36240046869
214,2022-06-28T02:12:00Z,112866.70456776844
215,2022-06-28T02:13:00Z,101381.91740373464
216,2022-06-28T02:14:00Z,104872.29468036682
217,2022-06-28T02:15:00Z,107399.33425684708
218,2022-06-28T02:16:00Z,100790.58101144349
219,2022-06-28T02:17:00Z,118688.96276265023
220,2022-06-28T02:18:00Z,87574.03362808566
221,2022-06-28T02:19:00Z,97692.98093653026
222,2022-06-28T02:20:00Z,92872.31763638859
223,2022-06-28T02:21:00Z,87277.63844476937
224,2022-06-28T02:22:00Z,90777.9035401356
225,2022-06-28T02:23:00Z,96552.84582295871
226,2022-06-28T02:24:00Z,88442.18519423142
227,2022-06-28T02:25:00Z,89770.39550765353
228,2022-06-28T02:26:00Z,98149.32881775589
229,2022-06-28T02:27:00Z,92627.67904561562
230,2022-06-28T02:28:00Z,100742.94079566954
231,2022-06-28T02:29:00Z,96619.57854684413
232,2022-06-28T02:30:00Z,98111.89136317407
233,2022-06-28T02:31:00Z,103987.13579584398
234,2022-06-28T02:32:00Z,101557.4041312158
235,2022-06-28T02:33:00Z,110108.89961452589
236,2022-06-28T02:34:00Z,105710.64755805708
237,2022-06-28T02:35:00Z,100525.66761762982
238,2022-06-28T02:36:00Z,103752.83118453568
239,2022-06-28T02:37:00Z,112234.01146891895
240,2022-06-28T02:38:00Z,119113.88711065204
241,2022-06-28T02:39:00Z,110657.57343729855
242,2022-06-28T02:40:00Z,106539.44578305693
243,2022-06-28T02:41:00Z,112137.42085036126
244,2022-06-28T02:42:00Z,102751.5036310642
245,2022-06-28T02:43:00Z,110791.47744347823
246,2022-06-28T02:44:00Z,120058.14427698348
247,2022-06-28T02:45:00Z,109957.67379852012
248,2022-06-28T02:46:00Z,107605.47051268493
249,2022-06-28T02:47:00Z,112173.42837502305
250,2022-06-28T02:48:00Z,123131.93596883642
251,2022-06-28T02:49:00Z,115742.42369093157
252,2022-06-28T02:50:00Z,112657.6615527841
253,2022-06-28T02:51:00Z,110446.29739152674
254,2022-06-28T02:52:00Z,117135.47324555101
255,2022-06-28T02:53:00Z,120877.54501186263
256,2022-06-28T02:54:00Z,110777.61836578332
257,2022-06-28T02:55:00Z,119330.72805004755
258,2022-06-28T02:56:00Z,107076.681330637
259,2022-06-28T02:57:00Z,109078.12087791241
260,2022-06-28T02:58:00Z,124953.57205671594
261,2022-06-28T02:59:00Z,104877.59047688245
262,2022-06-28T03:00:00Z,108287.23907913547
263,2022-06-28T03:01:00Z,111882.20746382633
264,2022-06-28T03:02:00Z,105395.30667008426
265,2022-06-28T03:03:00Z,131753.4885385779
266,2022-06-28T03:04:00Z,129747.40978507801
267,2022-06-28T03:05:00Z,98219.27896711613
268,2022-06-28T03:06:00Z,107697.8124199533
269,2022-06-28T03:07:00Z,109362.20261701402
270,2022-06-28T03:08:00Z,110382.44264704818
271,2022-06-28T03:09:00Z,130557.18934342769
272,2022-06-28T03:10:00Z,95885.39235511958
273,2022-06-28T03:11:00Z,111959.6708155667
274,2022-06-28T03:12:00Z,126291.38491999263
275,2022-06-28T03:13:00Z,104611.33922868542
276,2022-06-28T03:14:00Z,119122.38206959354
277,2022-06-28T03:15:00Z,114567.20756346629
278,2022-06-28T03:16:00Z,111558.85803302165
279,2022-06-28T03:17:00Z,106291.81677940991
280,2022-06-28T03:18:00Z,114349.87468028108
281,2022-06-28T03:19:00Z,112868.85362038836
282,2022-06-28T03:20:00Z,129147.75259100091
283,2022-06-28T03:21:00Z,110250.23000947584
284,2022-06-28T03:22:00Z,113863.55032564014
285,2022-06-28T03:23:00Z,117272.71840872725
286,2022-06-28T03:24:00Z,102391.15904746181
287,2022-06-28T03:25:00Z,105988.29012215967
288,2022-06-28T03:26:00Z,131029.44640075754
289,2022-06-28T03:27:00Z,99229.5382592708
290,2022-06-28T03:28:00Z,126684.71759576748
291,2022-06-28T03:29:00Z,106041.04352651117
292,2022-06-28T03:30:00Z,113619.84356754238
293,2022-06-28T03:31:00Z,109930.85870424517
294,2022-06-28T03:32:00Z,103956.08213516515
295,2022-06-28T03:33:00Z,110868.53865861165
296,2022-06-28T03:34:00Z,117575.95108134756
297,2022-06-28T03:35:00Z,100994.00326095852
298,2022-06-28T03:36:00Z,113240.52912774748
299,2022-06-28T03:37:00Z,132124.03330698312
300,2022-06-28T03:38:00Z,97309.39017805274
301,2022-06-28T03:39:00Z,132487.08366599263
302,2022-06-28T03:40:00Z,96296.6159521634
303,2022-06-28T03:41:00Z,111860.99916501455
304,2022-06-28T03:42:00Z,116258.8703725049
305,2022-06-28T03:43:00Z,127966.36604484629
306,2022-06-28T03:44:00Z,103982.97320755698
307,2022-06-28T03:45:00Z,96883.6931556606
308,2022-06-28T03:46:00Z,106444.00003976894
309,2022-06-28T03:47:00Z,103289.89262026767
310,2022-06-28T03:48:00Z,102520.42733991868
311,2022-06-28T03:49:00Z,101767.40991246043
312,2022-06-28T03:50:00Z,117080.7901988585
313,2022-06-28T03:51:00Z,102131.565398746
314,2022-06-28T03:52:00Z,97614.33362676475
315,2022-06-28T03:53:00Z,109017.5868453479
316,2022-06-28T03:54:00Z,110686.64219293025
317,2022-06-28T03:55:00Z,108327.45107673366
318,2022-06-28T03:56:00Z,124992.77023100734
319,2022-06-28T03:57:00Z,94132.46691116944
320,2022-06-28T03:58:00Z,103568.87381032118
321,2022-06-28T03:59:00Z,102208.09558733425
322,2022-06-28T04:00:00Z,95278.33687859429
323,2022-06-28T04:01:00Z,103188.78669613581
324,2022-06-28T04:02:00Z,125791.11500666603
325,2022-06-28T04:03:00Z,92992.79197625433
326,2022-06-28T04:04:00Z,111785.35375757937
327,2022-06-28T04:05:00Z,104596.54305638866
328,2022-06-28T04:06:00Z,98982.76641528975
329,2022-06-28T04:07:00Z,104428.67646835893
330,2022-06-28T04:08:00Z,96386.69987402548
331,2022-06-28T04:09:00Z,103486.05695263478
332,2022-06-28T04:10:00Z,94597.27279959903
333,2022-06-28T04:11:00Z,112136.11997668902
334,2022-06-28T04:12:00Z,102812.67670966689
335,2022-06-28T04:13:00Z,101120.81067029994
336,2022-06-28T04:14:00Z,103968.87616619717
337,2022-06-28T04:15:00Z,94138.26612683696
338,2022-06-28T04:16:00Z,100694.0121794431
339,2022-06-28T04:17:00Z,103301.72371872976
340,2022-06-28T04:18:00Z,100753.98059306628
341,2022-06-28T04:19:00Z,90718.48112092122
342,2022-06-28T04:20:00Z,94874.48096303275
343,2022-06-28T04:21:00Z,102098.17708393636
344,2022-06-28T04:22:00Z,95585.02740962882
345,2022-06-28T04:23:00Z,96799.84817204202
346,2022-06-28T04:24:00Z,100594.87186844493
347,2022-06-28T04:25:00Z,107448.059718853
348,2022-06-28T04:26:00Z,63424.55174511474
349,2022-06-28T04:27:00Z,11225.983485906354
350,2022-06-28T04:28:00Z,369.7275230426861
351,2022-06-28T04:29:00Z,140.9319171541318
352,2022-06-28T04:30:00Z,109038.47765913796
353,2022-06-28T04:31:00Z,112941.51262047382
354,2022-06-28T04:32:00Z,85173.67539827192
355,2022-06-28T04:33:00Z,87444.92549177127
356,2022-06-28T04:34:00Z,83224.9100919795
357,2022-06-28T04:35:00Z,90489.79394889026
358,2022-06-28T04:36:00Z,86710.06208736541
359,2022-06-28T04:37:00Z,82183.7300205144
360,2022-06-28T04:38:00Z,90513.181901288
361,2022-06-28T04:39:00Z,99179.23725624524
362,2022-06-28T04:40:00Z,87069.78442501779
363,2022-06-28T04:41:00Z,89979.90718308378
364,2022-06-28T04:42:00Z,96623.56166170618
365,2022-06-28T04:43:00Z,92469.86803478419
366,2022-06-28T04:44:00Z,96781.04238167679
367,2022-06-28T04:45:00Z,102744.24108825448
368,2022-06-28T04:46:00Z,112323.31839234114
369,2022-06-28T04:47:00Z,106729.18923448074
370,2022-06-28T04:48:00Z,114270.2068948249
371,2022-06-28T04:49:00Z,131643.27084421398
372,2022-06-28T04:50:00Z,132719.4215
373,2022-06-28T04:51:00Z,132717.76355962176
374,2022-06-28T04:52:00Z,132414.86904515192
375,2022-06-28T04:53:00Z,132126.64370242672
376,2022-06-28T04:54:00Z,127159.35038569866
377,2022-06-28T04:55:00Z,84317.16467240857
378,2022-06-28T04:56:00Z,114044.51312924076
379,2022-06-28T04:57:00Z,95251.09736222625
380,2022-06-28T04:58:00Z,95997.47837150277
381,2022-06-28T04:59:00Z,101034.6987205569
382,2022-06-28T05:00:00Z,101101.7796967396
383,2022-06-28T05:01:00Z,88950.41085977724
384,2022-06-28T05:02:00Z,106320.4010751839
385,2022-06-28T05:03:00Z,92277.82468793543
386,2022-06-28T05:04:00Z,97984.96138365915
387,2022-06-28T05:05:00Z,103011.38790721126
388,2022-06-28T05:06:00Z,107492.31013630138
389,2022-06-28T05:07:00Z,107264.11856687124
390,2022-06-28T05:08:00Z,96780.68647913798
391,2022-06-28T05:09:00Z,106486.53538244529
392,2022-06-28T05:10:00Z,101664.21979645175
393,2022-06-28T05:11:00Z,91791.23074543687
394,2022-06-28T05:12:00Z,109014.99175038731
395,2022-06-28T05:13:00Z,102471.74353141991
396,2022-06-28T05:14:00Z,97493.47793899177
397,2022-06-28T05:15:00Z,91906.92202127632
398,2022-06-28T05:16:00Z,80681.7785651473
399,2022-06-28T05:17:00Z,109945.69019415708
400,2022-06-28T05:18:00Z,126560.42096242054
401,2022-06-28T05:19:00Z,131090.54605226353
402,2022-06-28T05:20:00Z,130710.48937273449
403,2022-06-28T05:21:00Z,126555.69494258623
404,2022-06-28T05:22:00Z,102725.27652578088
405,2022-06-28T05:23:00Z,116190.481038718
406,2022-06-28T05:24:00Z,123127.16338231476
407,2022-06-28T05:25:00Z,125982.26277633182
408,2022-06-28T05:26:00Z,105856.75271846629
409,2022-06-28T05:27:00Z,105907.68252116752
410,2022-06-28T05:28:00Z,109788.6457042609
411,2022-06-28T05:29:00Z,128497.7004289755
412,2022-06-28T05:30:00Z,110404.81860554458
413,2022-06-28T05:31:00Z,121443.06300329705
414,2022-06-28T05:32:00Z,121425.35219532234
415,2022-06-28T05:33:00Z,121380.65765514063
416,2022-06-28T05:34:00Z,102910.63871716613
417,2022-06-28T05:35:00Z,117951.12940145083
418,2022-06-28T05:36:00Z,112731.15376395347
419,2022-06-28T05:37:00Z,109597.72012421743
420,2022-06-28T05:38:00Z,123441.01586985937
421,2022-06-28T05:39:00Z,130704.88490560575
422,2022-06-28T05:40:00Z,130666.66928841684
423,2022-06-28T05:41:00Z,130713.46686137962
424,2022-06-28T05:42:00Z,121145.12451483498
425,2022-06-28T05:43:00Z,112479.57977396455
426,2022-06-28T05:44:00Z,127878.6503716537
427,2022-06-28T05:45:00Z,128485.84255466831
428,2022-06-28T05:46:00Z,128928.10937153065
429,2022-06-28T05:47:00Z,129007.86642859639
430,2022-06-28T05:48:00Z,130654.11557475332
431,2022-06-28T05:49:00Z,130617.17405539149
432,2022-06-28T05:50:00Z,130636.19521668564
433,2022-06-28T05:51:00Z,112399.04480664432
434,2022-06-28T05:52:00Z,126210.97888623277
435,2022-06-28T05:53:00Z,126778.18242543867
436,2022-06-28T05:54:00Z,130787.75864117444
437,2022-06-28T05:55:00Z,132194.7273591732
438,2022-06-28T05:56:00Z,121000.22212234832
439,2022-06-28T05:57:00Z,111786.65245513277
440,2022-06-28T05:58:00Z,127171.64814889155
441,2022-06-28T05:59:00Z,123177.51910119798
442,2022-06-28T06:00:00Z,114923.89408572449
443,2022-06-28T06:01:00Z,123921.3755307832
444,2022-06-28T06:02:00Z,124357.42981598363
445,2022-06-28T06:03:00Z,124160.7640601798
446,2022-06-28T06:04:00Z,124060.6310471937
447,2022-06-28T06:05:00Z,124293.97671736241
448,2022-06-28T06:06:00Z,125548.99522548691
449,2022-06-28T06:07:00Z,130723.8189206707
450,2022-06-28T06:08:00Z,130681.9057421989
451,2022-06-28T06:09:00Z,130714.2448097574
452,2022-06-28T06:10:00Z,130707.63350432494
453,2022-06-28T06:11:00Z,130650.6584971485
454,2022-06-28T06:12:00Z,130686.63907965555
455,2022-06-28T06:13:00Z,130703.60515325243
456,2022-06-28T06:14:00Z,130680.17894964726
457,2022-06-28T06:15:00Z,130600.63107341087
458,2022-06-28T06:16:00Z,128760.87588749446
459,2022-06-28T06:17:00Z,120539.52075478694
460,2022-06-28T06:18:00Z,123355.19562715036
461,2022-06-28T06:19:00Z,113352.99333215544
462,2022-06-28T06:20:00Z,124157.8977142655
463,2022-06-28T06:21:00Z,124328.24198268003
464,2022-06-28T06:22:00Z,124182.84332235418
465,2022-06-28T06:23:00Z,124242.96390925914
466,2022-06-28T06:24:00Z,124353.29369629195
467,2022-06-28T06:25:00Z,124335.58671343792
468,2022-06-28T06:26:00Z,124355.87382338871
469,2022-06-28T06:27:00Z,124262.24704481392
470,2022-06-28T06:28:00Z,123157.97872134023
471,2022-06-28T06:29:00Z,120610.1847049399
472,2022-06-28T06:30:00Z,120638.99451652818
473,2022-06-28T06:31:00Z,120697.98968638634
474,2022-06-28T06:32:00Z,120029.00334298643
475,2022-06-28T06:33:00Z,120171.06400337932
476,2022-06-28T06:34:00Z,120279.6492027335
477,2022-06-28T06:35:00Z,120193.94038745486
478,2022-06-28T06:36:00Z,120290.02475959754
479,2022-06-28T06:37:00Z,120137.71809751708
480,2022-06-28T06:38:00Z,120028.29669350627
481,2022-06-28T06:39:00Z,120173.6778913244
482,2022-06-28T06:40:00Z,127943.13608656624
483,2022-06-28T06:41:00Z,130357.89140562307
484,2022-06-28T06:42:00Z,130518.38315540501
485,2022-06-28T06:43:00Z,130471.04243484343
486,2022-06-28T06:44:00Z,130470.23104414249
487,2022-06-28T06:45:00Z,130390.1807466119
488,2022-06-28T06:46:00Z,130468.15051107688
489,2022-06-28T06:47:00Z,130369.0735640354
490,2022-06-28T06:48:00Z,130430.5708533327
491,2022-06-28T06:49:00Z,130408.00996702017
492,2022-06-28T06:50:00Z,130301.19180714022
493,2022-06-28T06:51:00Z,130347.20185623878
494,2022-06-28T06:52:00Z,130335.44227090369
495,2022-06-28T06:53:00Z,130309.62752885817
496,2022-06-28T06:54:00Z,130361.7303300639
497,2022-06-28T06:55:00Z,130314.6391022715
498,2022-06-28T06:56:00Z,130262.05633156715
499,2022-06-28T06:57:00Z,130235.3164092303
500,2022-06-28T06:58:00Z,130242.76109205627
501,2022-06-28T06:59:00Z,130410.12093474217
502,2022-06-28T07:00:00Z,114326.70475976582
503,2022-06-28T07:01:00Z,126037.80236537152
504,2022-06-28T07:02:00Z,130310.47953292652
505,2022-06-28T07:03:00Z,130274.67690168899
506,2022-06-28T07:04:00Z,130397.07045431067
507,2022-06-28T07:05:00Z,130313.90418015984
508,2022-06-28T07:06:00Z,130251.3526458671
509,2022-06-28T07:07:00Z,130322.9544496665
510,2022-06-28T07:08:00Z,130285.92674810742
511,2022-06-28T07:09:00Z,130424.8987066541
512,2022-06-28T07:10:00Z,130343.77188709835
513,2022-06-28T07:11:00Z,130333.80428767717
514,2022-06-28T07:12:00Z,130199.77687977605
515,2022-06-28T07:13:00Z,130179.11224703868
516,2022-06-28T07:14:00Z,130345.60910922276
517,2022-06-28T07:15:00Z,114243.6321179184
518,2022-06-28T07:16:00Z,106841.16631807752
519,2022-06-28T07:17:00Z,106788.21184542256
520,2022-06-28T07:18:00Z,106758.27445476266
521,2022-06-28T07:19:00Z,110318.11891768366
522,2022-06-28T07:20:00Z,125949.32316481652
523,2022-06-28T07:21:00Z,116414.30881061732
524,2022-06-28T07:22:00Z,116432.32961968197
525,2022-06-28T07:23:00Z,116680.08634909987
526,2022-06-28T07:24:00Z,116384.29342075613
527,2022-06-28T07:25:00Z,121191.61569759929
528,2022-06-28T07:26:00Z,118946.01771444376
529,2022-06-28T07:27:00Z,105217.27568482202
530,2022-06-28T07:28:00Z,105497.27733365342
531,2022-06-28T07:29:00Z,105498.86044035034
532,2022-06-28T07:30:00Z,123914.1285900688
533,2022-06-28T07:31:00Z,128643.69979956781
534,2022-06-28T07:32:00Z,105416.97607493997
535,2022-06-28T07:33:00Z,105620.56463405256
536,2022-06-28T07:34:00Z,105557.36665435402
537,2022-06-28T07:35:00Z,105752.82733081374
538,2022-06-28T07:36:00Z,118271.72840413083
539,2022-06-28T07:37:00Z,119936.55283555087
540,2022-06-28T07:38:00Z,116715.14873631875
541,2022-06-28T07:39:00Z,116667.09058452601
542,2022-06-28T07:40:00Z,116754.2490469543
543,2022-06-28T07:41:00Z,116536.47980153427
544,2022-06-28T07:42:00Z,116667.36915310197
545,2022-06-28T07:43:00Z,116558.23845826779
546,2022-06-28T07:44:00Z,116683.63689269862
547,2022-06-28T07:45:00Z,116688.41912517694
548,2022-06-28T07:46:00Z,117016.71543496157
549,2022-06-28T07:47:00Z,116783.71119839673
550,2022-06-28T07:48:00Z,116999.79293447928
551,2022-06-28T07:49:00Z,116683.12349497085
552,2022-06-28T07:50:00Z,119609.53528026195
553,2022-06-28T07:51:00Z,123445.97907536798
554,2022-06-28T07:52:00Z,107107.93639223847
555,2022-06-28T07:53:00Z,116391.58792601553
556,2022-06-28T07:54:00Z,116808.75576069592
557,2022-06-28T07:55:00Z,116571.66413315135
558,2022-06-28T07:56:00Z,128284.38591828704
559,2022-06-28T07:57:00Z,130056.57566816296
560,2022-06-28T07:58:00Z,130002.73227070895
561,2022-06-28T07:59:00Z,130090.54556763526
562,2022-06-28T08:00:00Z,130105.20226616018
563,2022-06-28T08:01:00Z,130118.10522997858
564,2022-06-28T08:02:00Z,127234.38678148155
565,2022-06-28T08:03:00Z,116824.59375629235
566,2022-06-28T08:04:00Z,116956.55759470673
567,2022-06-28T08:05:00Z,128939.44998634503
568,2022-06-28T08:06:00Z,119653.17375449899
569,2022-06-28T08:07:00Z,129931.34520642571
570,2022-06-28T08:08:00Z,130154.0018261389
571,2022-06-28T08:09:00Z,130036.67266009354
572,2022-06-28T08:10:00Z,130121.63714690237
573,2022-06-28T08:11:00Z,129900.43457200081
574,2022-06-28T08:12:00Z,129987.51145002907
575,2022-06-28T08:13:00Z,129893.16567841948
576,2022-06-28T08:14:00Z,130017.64175982215
577,2022-06-28T08:15:00Z,130023.26551886422
578,2022-06-28T08:16:00Z,129841.58791661331
579,2022-06-28T08:17:00Z,129798.04340729876
580,2022-06-28T08:18:00Z,129930.1770478123
581,2022-06-28T08:19:00Z,129822.24328315188
582,2022-06-28T08:20:00Z,129860.73630474947
583,2022-06-28T08:21:00Z,130022.96848992292
584,2022-06-28T08:22:00Z,129837.41604035802
585,2022-06-28T08:23:00Z,129936.6090714986
586,2022-06-28T08:24:00Z,129913.80253745406
587,2022-06-28T08:25:00Z,129995.59659111529
588,2022-06-28T08:26:00Z,129908.17062924172
589,2022-06-28T08:27:00Z,129871.5421045425
590,2022-06-28T08:28:00Z,129819.23707086605
591,2022-06-28T08:29:00Z,129880.52448590766
592,2022-06-28T08:30:00Z,125526.1144666233
593,2022-06-28T08:31:00Z,114350.8226449873
594,2022-06-28T08:32:00Z,129825.1280358741
595,2022-06-28T08:33:00Z,129738.37651297601
596,2022-06-28T08:34:00Z,129737.04337524177
597,2022-06-28T08:35:00Z,129697.81659569973
598,2022-06-28T08:36:00Z,129746.2943466071
599,2022-06-28T08:37:00Z,129665.63286130532
600,2022-06-28T08:38:00Z,129670.17560796319
601,2022-06-28T08:39:00Z,129737.02740952045
602,2022-06-28T08:40:00Z,129676.04350949446
603,2022-06-28T08:41:00Z,129682.45640757703
604,2022-06-28T08:42:00Z,129711.63259920884
605,2022-06-28T08:43:00Z,129681.31768576245
606,2022-06-28T08:44:00Z,129788.09443455249
607,2022-06-28T08:45:00Z,129633.64370914013
608,2022-06-28T08:46:00Z,129708.27697045846
609,2022-06-28T08:47:00Z,129671.97541042815
610,2022-06-28T08:48:00Z,129606.06542012194
611,2022-06-28T08:49:00Z,129586.82123765741
612,2022-06-28T08:50:00Z,129652.13850055789
613,2022-06-28T08:51:00Z,129657.18499898678
614,2022-06-28T08:52:00Z,129630.2198962736
615,2022-06-28T08:53:00Z,129595.60221809996
616,2022-06-28T08:54:00Z,129634.95090257717
617,2022-06-28T08:55:00Z,129649.93572993802
618,2022-06-28T08:56:00Z,129591.33404858773
619,2022-06-28T08:57:00Z,129602.42706505574
620,2022-06-28T08:58:00Z,129578.77584456507
621,2022-06-28T08:59:00Z,129689.79099344938
622,2022-06-28T09:00:00Z,129600.92362629357
623,2022-06-28T09:01:00Z,129613.4184663596
624,2022-06-28T09:02:00Z,129713.45651656542
625,2022-06-28T09:03:00Z,129618.36684212586
626,2022-06-28T09:04:00Z,129765.1018000683
627,2022-06-28T09:05:00Z,129750.24037442879
628,2022-06-28T09:06:00Z,129676.81768067121
629,2022-06-28T09:07:00Z,129586.38400972546
630,2022-06-28T09:08:00Z,129688.2167067987
631,2022-06-28T09:09:00Z,129647.94699977018
632,2022-06-28T09:10:00Z,129722.41012637023
633,2022-06-28T09:11:00Z,129566.10405108723
634,2022-06-28T09:12:00Z,129678.99179248302
635,2022-06-28T09:13:00Z,129599.6046248752
636,2022-06-28T09:14:00Z,129499.66935400068
637,2022-06-28T09:15:00Z,129426.02995883735
638,2022-06-28T09:16:00Z,129465.50903003913
639,2022-06-28T09:17:00Z,129638.59890360001
640,2022-06-28T09:18:00Z,129510.15583936629
641,2022-06-28T09:19:00Z,129495.5518609838
642,2022-06-28T09:20:00Z,129573.89781775845
643,2022-06-28T09:21:00Z,129607.8436023392
644,2022-06-28T09:22:00Z,129615.88417245324
645,2022-06-28T09:23:00Z,113679.2837818837
646,2022-06-28T09:24:00Z,129076.53981917587
647,2022-06-28T09:25:00Z,129410.28675971153
648,2022-06-28T09:26:00Z,129709.82930424229
649,2022-06-28T09:27:00Z,129582.40255795943
650,2022-06-28T09:28:00Z,129575.51035561661
651,2022-06-28T09:29:00Z,129570.08217666131
652,2022-06-28T09:30:00Z,129525.23479795935
653,2022-06-28T09:31:00Z,129465.85445507325
654,2022-06-28T09:32:00Z,129537.51148493431
655,2022-06-28T09:33:00Z,129511.76355424606
656,2022-06-28T09:34:00Z,129408.2444778533
657,2022-06-28T09:35:00Z,129356.04238981777
658,2022-06-28T09:36:00Z,129507.60747740262
659,2022-06-28T09:37:00Z,129330.6208036609
660,2022-06-28T09:38:00Z,129368.37358123972
661,2022-06-28T09:39:00Z,129272.92634116537
662,2022-06-28T09:40:00Z,129413.76080089538
663,2022-06-28T09:41:00Z,129375.24898631316
664,2022-06-28T09:42:00Z,129352.3095709001
665,2022-06-28T09:43:00Z,129484.99203308565
666,2022-06-28T09:44:00Z,129453.30140664808
667,2022-06-28T09:45:00Z,120125.23390126534
668,2022-06-28T09:46:00Z,110133.07687227365
669,2022-06-28T09:47:00Z,119908.82969087306
670,2022-06-28T09:48:00Z,123982.3810510569
671,2022-06-28T09:49:00Z,121691.40480987937
672,2022-06-28T09:50:00Z,105095.38919325043
673,2022-06-28T09:51:00Z,117441.76268575595
674,2022-06-28T09:52:00Z,117756.02988460445
675,2022-06-28T09:53:00Z,124461.40757424652
676,2022-06-28T09:54:00Z,124913.0074827709
677,2022-06-28T09:55:00Z,115552.18713155089
678,2022-06-28T09:56:00Z,116052.20358905072
679,2022-06-28T09:57:00Z,116324.16285527531
680,2022-06-28T09:58:00Z,125178.34662915432
681,2022-06-28T09:59:00Z,116856.48179222224
682,2022-06-28T10:00:00Z,124220.85870278758
683,2022-06-28T10:01:00Z,116190.73532609265
684,2022-06-28T10:02:00Z,116161.5303629005
685,2022-06-28T10:03:00Z,101995.31925450359
686,2022-06-28T10:04:00Z,123777.75272434027
687,2022-06-28T10:05:00Z,129931.6435658437
688,2022-06-28T10:06:00Z,129449.66454836831
689,2022-06-28T10:07:00Z,131222.69782052317
690,2022-06-28T10:08:00Z,71666.62040558131
691,2022-06-28T10:09:00Z,91658.67318175912
692,2022-06-28T10:10:00Z,121087.73057378229
693,2022-06-28T10:11:00Z,124353.59238832915
694,2022-06-28T10:12:00Z,116017.83334291377
695,2022-06-28T10:13:00Z,115844.47109369539
696,2022-06-28T10:14:00Z,115759.91763119114
697,2022-06-28T10:15:00Z,115848.00367585747
698,2022-06-28T10:16:00Z,116174.01904951136
699,2022-06-28T10:17:00Z,115588.37809569888
700,2022-06-28T10:18:00Z,116299.01335162007
701,2022-06-28T10:19:00Z,116102.86581652235
702,2022-06-28T10:20:00Z,116097.68843244013
703,2022-06-28T10:21:00Z,116286.50121535601
704,2022-06-28T10:22:00Z,116218.49006959391
705,2022-06-28T10:23:00Z,116019.0530969657
706,2022-06-28T10:24:00Z,116071.63636659885
707,2022-06-28T10:25:00Z,116151.63244720071
708,2022-06-28T10:26:00Z,116126.37534123588
709,2022-06-28T10:27:00Z,124900.71304577011
710,2022-06-28T10:28:00Z,115825.89032021565
711,2022-06-28T10:29:00Z,116349.1984368562
712,2022-06-28T10:30:00Z,116160.72559075782
713,2022-06-28T10:31:00Z,116384.1066550781
714,2022-06-28T10:32:00Z,116012.00872979753
715,2022-06-28T10:33:00Z,116404.20683304126
716,2022-06-28T10:34:00Z,121131.00433107195
717,2022-06-28T10:35:00Z,126346.33377734173
718,2022-06-28T10:36:00Z,117369.14875557141
719,2022-06-28T10:37:00Z,129399.81162974713
720,2022-06-28T10:38:00Z,129243.73629227966
721,2022-06-28T10:39:00Z,129322.89588916305
722,2022-06-28T10:40:00Z,129400.29887051946
723,2022-06-28T10:41:00Z,129448.68099340823
724,2022-06-28T10:42:00Z,129300.01301901319
725,2022-06-28T10:43:00Z,129376.20460126076
726,2022-06-28T10:44:00Z,129391.5411734207
727,2022-06-28T10:45:00Z,129432.71710144641
728,2022-06-28T10:46:00Z,129292.3135498838
729,2022-06-28T10:47:00Z,129356.55661909343
730,2022-06-28T10:48:00Z,129446.19649433
731,2022-06-28T10:49:00Z,129375.00085239358
732,2022-06-28T10:50:00Z,129368.03231394551
733,2022-06-28T10:51:00Z,129428.8139815009
734,2022-06-28T10:52:00Z,129396.8938478187
735,2022-06-28T10:53:00Z,129289.6841951461
736,2022-06-28T10:54:00Z,129375.33121372455
737,2022-06-28T10:55:00Z,129318.83577295735
738,2022-06-28T10:56:00Z,129234.09720787109
739,2022-06-28T10:57:00Z,129272.59871125818
740,2022-06-28T10:58:00Z,129376.11545931654
741,2022-06-28T10:59:00Z,129244.36133730474
742,2022-06-28T11:00:00Z,129450.99435991056
743,2022-06-28T11:01:00Z,129377.895637249
744,2022-06-28T11:02:00Z,129409.18196505487
745,2022-06-28T11:03:00Z,129512.50097100175
746,2022-06-28T11:04:00Z,129389.24077906695
747,2022-06-28T11:05:00Z,129461.145731437
748,2022-06-28T11:06:00Z,129454.22608801068
749,2022-06-28T11:07:00Z,129546.99025534726
750,2022-06-28T11:08:00Z,129583.0737834952
751,2022-06-28T11:09:00Z,129448.01725180434
752,2022-06-28T11:10:00Z,129452.52440820828
753,2022-06-28T11:11:00Z,129442.10660870644
754,2022-06-28T11:12:00Z,129482.00777366674
755,2022-06-28T11:13:00Z,126638.8052183224
756,2022-06-28T11:14:00Z,112091.81227263124
757,2022-06-28T11:15:00Z,129439.53695911424
758,2022-06-28T11:16:00Z,129367.5589968308
759,2022-06-28T11:17:00Z,129296.72857077069
760,2022-06-28T11:18:00Z,129315.49211849805
761,2022-06-28T11:19:00Z,129349.58591862064
762,2022-06-28T11:20:00Z,129376.52923759533
763,2022-06-28T11:21:00Z,129393.5139378671
764,2022-06-28T11:22:00Z,129461.54587232885
765,2022-06-28T11:23:00Z,129492.84251132963
766,2022-06-28T11:24:00Z,129355.59767795382
767,2022-06-28T11:25:00Z,129481.8582613385
768,2022-06-28T11:26:00Z,129374.7768333657
769,2022-06-28T11:27:00Z,129562.54685510459
770,2022-06-28T11:28:00Z,129484.47930059636
771,2022-06-28T11:29:00Z,129455.38709531135
772,2022-06-28T11:30:00Z,129529.42147576882
773,2022-06-28T11:31:00Z,129483.07315294881
774,2022-06-28T11:32:00Z,129543.36204516656
775,2022-06-28T11:33:00Z,129464.50452006968
776,2022-06-28T11:34:00Z,129511.9534798065
777,2022-06-28T11:35:00Z,129406.63519007938
778,2022-06-28T11:36:00Z,129315.4774832535
779,2022-06-28T11:37:00Z,129317.52026404053
780,2022-06-28T11:38:00Z,129252.1788862485
781,2022-06-28T11:39:00Z,110099.08768088803
782,2022-06-28T11:40:00Z,121229.6370651783
783,2022-06-28T11:41:00Z,121319.16052369651
784,2022-06-28T11:42:00Z,120812.92042843613
785,2022-06-28T11:43:00Z,121001.9803474139
786,2022-06-28T11:44:00Z,120746.81086661277
787,2022-06-28T11:45:00Z,120926.24145989085
788,2022-06-28T11:46:00Z,121389.3631310258
789,2022-06-28T11:47:00Z,120881.80603006219
790,2022-06-28T11:48:00Z,120971.51874890248
791,2022-06-28T11:49:00Z,121280.96968663763
792,2022-06-28T11:50:00Z,121035.17923559183
793,2022-06-28T11:51:00Z,128516.5366539971
794,2022-06-28T11:52:00Z,129406.55344186514
795,2022-06-28T11:53:00Z,129464.08242631108
796,2022-06-28T11:54:00Z,124184.41594590891
797,2022-06-28T11:55:00Z,127537.84076143776
798,2022-06-28T11:56:00Z,125065.52459978133
799,2022-06-28T11:57:00Z,129395.96800228894
800,2022-06-28T11:58:00Z,129337.61611795418
801,2022-06-28T11:59:00Z,129352.85573161862
802,2022-06-28T12:00:00Z,129414.9113306914
803,2022-06-28T12:01:00Z,129437.94853614781
804,2022-06-28T12:02:00Z,129288.06683430965
805,2022-06-28T12:03:00Z,118431.34520457275
806,2022-06-28T12:04:00Z,105962.85539754454
807,2022-06-28T12:05:00Z,121615.01631706813
808,2022-06-28T12:06:00Z,129421.55157399383
809,2022-06-28T12:07:00Z,129385.7650747872
810,2022-06-28T12:08:00Z,124635.3058787612
811,2022-06-28T12:09:00Z,111584.69273221886
812,2022-06-28T12:10:00Z,118822.51818391345
813,2022-06-28T12:11:00Z,118728.71241956716
814,2022-06-28T12:12:00Z,119185.88170389524
815,2022-06-28T12:13:00Z,127089.41786515585
816,2022-06-28T12:14:00Z,118859.85019821039
817,2022-06-28T12:15:00Z,129429.35348983538
818,2022-06-28T12:16:00Z,124709.68943044702
819,2022-06-28T12:17:00Z,102867.82463960428
820,2022-06-28T12:18:00Z,104115.15709893817
821,2022-06-28T12:19:00Z,125043.71086074525
822,2022-06-28T12:20:00Z,122191.29187851227
823,2022-06-28T12:21:00Z,124532.25396602802
824,2022-06-28T12:22:00Z,115606.14378584085
825,2022-06-28T12:23:00Z,115621.41200475601
826,2022-06-28T12:24:00Z,115555.87271854274
827,2022-06-28T12:25:00Z,107024.52048738167
828,2022-06-28T12:26:00Z,91560.97011830326
829,2022-06-28T12:27:00Z,91610.41828571253
830,2022-06-28T12:28:00Z,91666.24958178634
831,2022-06-28T12:29:00Z,91587.92923668973
832,2022-06-28T12:30:00Z,94525.70445785446
833,2022-06-28T12:31:00Z,102182.21831288004
834,2022-06-28T12:32:00Z,129321.2216504442
835,2022-06-28T12:33:00Z,109604.5093809193
836,2022-06-28T12:34:00Z,129957.69613061383
837,2022-06-28T12:35:00Z,123944.45414732935
838,2022-06-28T12:36:00Z,100821.72714025853
839,2022-06-28T12:37:00Z,95204.58605600065
840,2022-06-28T12:38:00Z,100971.70336232428
841,2022-06-28T12:39:00Z,115019.72666513645
842,2022-06-28T12:40:00Z,125183.0939366172
843,2022-06-28T12:41:00Z,73140.3419709269
844,2022-06-28T12:42:00Z,55872.390676494564
845,2022-06-28T12:43:00Z,56283.4037255878
846,2022-06-28T12:44:00Z,61108.147265396416
847,2022-06-28T12:45:00Z,102286.49210222664
848,2022-06-28T12:46:00Z,105009.47116049808
849,2022-06-28T12:47:00Z,103147.99560851882
850,2022-06-28T12:48:00Z,94196.27341768553
851,2022-06-28T12:49:00Z,95599.21927282853
852,2022-06-28T12:50:00Z,107550.75714972598
853,2022-06-28T12:51:00Z,104636.5072526865
854,2022-06-28T12:52:00Z,127230.34861814282
855,2022-06-28T12:53:00Z,121052.15678455094
856,2022-06-28T12:54:00Z,130089.97728774036
857,2022-06-28T12:55:00Z,128291.27812062982
858,2022-06-28T12:56:00Z,130736.1898600865
859,2022-06-28T12:57:00Z,130930.16837977504
860,2022-06-28T12:58:00Z,130782.93765855991
861,2022-06-28T12:59:00Z,130687.16694631826
862,2022-06-28T13:00:00Z,130487.70652403672
863,2022-06-28T13:01:00Z,130226.5593773699
864,2022-06-28T13:02:00Z,125539.22112587307
865,2022-06-28T13:03:00Z,130997.82562435101
866,2022-06-28T13:04:00Z,78315.6172474066
867,2022-06-28T13:05:00Z,100334.28185892997
868,2022-06-28T13:06:00Z,106807.61202628956
869,2022-06-28T13:07:00Z,92730.10663211954
870,2022-06-28T13:08:00Z,99383.17855801426
871,2022-06-28T13:09:00Z,94619.77498708008
872,2022-06-28T13:10:00Z,81020.64318461959
873,2022-06-28T13:11:00Z,102883.09667546104
874,2022-06-28T13:12:00Z,87827.96333003181
875,2022-06-28T13:13:00Z,108480.6621304057
876,2022-06-28T13:14:00Z,105845.54276943835
877,2022-06-28T13:15:00Z,79551.88729123851
878,2022-06-28T13:16:00Z,82744.22682922329
879,2022-06-28T13:17:00Z,89069.44329543204
880,2022-06-28T13:18:00Z,91037.8677266349
881,2022-06-28T13:19:00Z,96977.33294302848
882,2022-06-28T13:20:00Z,79724.09306297865
883,2022-06-28T13:21:00Z,81234.5873434445
884,2022-06-28T13:22:00Z,89321.82675785456
885,2022-06-28T13:23:00Z,81204.59673371336
886,2022-06-28T13:24:00Z,76453.87277280811
887,2022-06-28T13:25:00Z,94625.49171318715
888,2022-06-28T13:26:00Z,82841.78516668477
889,2022-06-28T13:27:00Z,82909.14787132587
890,2022-06-28T13:28:00Z,79468.95750933539
891,2022-06-28T13:29:00Z,87329.35212943649
892,2022-06-28T13:30:00Z,98385.91769138692
893,2022-06-28T13:31:00Z,91949.00733018157
894,2022-06-28T13:32:00Z,101661.1207834105
895,2022-06-28T13:33:00Z,97512.73742193921
896,2022-06-28T13:34:00Z,120932.43948597336
897,2022-06-28T13:35:00Z,119414.77011053925
898,2022-06-28T13:36:00Z,115517.24914391107
899,2022-06-28T13:37:00Z,115506.13134731303
900,2022-06-28T13:38:00Z,115699.42135090524
901,2022-06-28T13:39:00Z,115509.33746373514
902,2022-06-28T13:40:00Z,122187.15775453567
903,2022-06-28T13:41:00Z,115346.22766281529
904,2022-06-28T13:42:00Z,115251.8386507103
905,2022-06-28T13:43:00Z,115141.30330501494
906,2022-06-28T13:44:00Z,115049.85581076234
907,2022-06-28T13:45:00Z,114954.08709423586
908,2022-06-28T13:46:00Z,115265.10683040495
909,2022-06-28T13:47:00Z,101213.08522218138
910,2022-06-28T13:48:00Z,122760.02895851739
911,2022-06-28T13:49:00Z,125623.43601586242
912,2022-06-28T13:50:00Z,130352.88864661832
913,2022-06-28T13:51:00Z,129916.68667849524
914,2022-06-28T13:52:00Z,128856.72060750701
915,2022-06-28T13:53:00Z,128393.34331852058
916,2022-06-28T13:54:00Z,125485.18567465957
917,2022-06-28T13:55:00Z,87283.13735322336
918,2022-06-28T13:56:00Z,99235.42927783616
919,2022-06-28T13:57:00Z,118383.34343173362
920,2022-06-28T13:58:00Z,123151.27993705937
921,2022-06-28T13:59:00Z,115702.73985315197
922,2022-06-28T14:00:00Z,115745.94479773146
923,2022-06-28T14:01:00Z,115912.5414456741
924,2022-06-28T14:02:00Z,115847.74922217322
925,2022-06-28T14:03:00Z,115611.32699075893
926,2022-06-28T14:04:00Z,115580.18635016058
927,2022-06-28T14:05:00Z,116027.29839419435
928,2022-06-28T14:06:00Z,115454.32091837977
929,2022-06-28T14:07:00Z,115581.62426294123
930,2022-06-28T14:08:00Z,115660.36320929498
931,2022-06-28T14:09:00Z,115498.2095222516
932,2022-06-28T14:10:00Z,115673.58049825286
933,2022-06-28T14:11:00Z,115642.9391190664
934,2022-06-28T14:12:00Z,115671.92837871052
935,2022-06-28T14:13:00Z,115495.94970743975
936,2022-06-28T14:14:00Z,115897.96590623283
937,2022-06-28T14:15:00Z,115434.74644505455
938,2022-06-28T14:16:00Z,115474.37785584759
939,2022-06-28T14:17:00Z,115553.18806163571
940,2022-06-28T14:18:00Z,115504.022874235
941,2022-06-28T14:19:00Z,115369.29363983202
942,2022-06-28T14:20:00Z,115447.46214426607
943,2022-06-28T14:21:00Z,115449.77551076835
944,2022-06-28T14:22:00Z,115232.18335092063
945,2022-06-28T14:23:00Z,115845.9253048166
946,2022-06-28T14:24:00Z,115627.7287758912
947,2022-06-28T14:25:00Z,115322.54218254746
948,2022-06-28T14:26:00Z,115831.97475684299
949,2022-06-28T14:27:00Z,115419.37095644893
950,2022-06-28T14:28:00Z,115330.37852447576
951,2022-06-28T14:29:00Z,115503.43014682915
952,2022-06-28T14:30:00Z,115257.70339235922
953,2022-06-28T14:31:00Z,115609.08131226289
954,2022-06-28T14:32:00Z,115309.51298974454
955,2022-06-28T14:33:00Z,115545.35696268799
956,2022-06-28T14:34:00Z,115336.96854227978
957,2022-06-28T14:35:00Z,111376.18091008923
958,2022-06-28T14:36:00Z,93807.77785655626
959,2022-06-28T14:37:00Z,107635.81685864522
960,2022-06-28T14:38:00Z,107916.63294248881
961,2022-06-28T14:39:00Z,107617.79338862697
962,2022-06-28T14:40:00Z,107678.84929507108
963,2022-06-28T14:41:00Z,107653.41623918962
964,2022-06-28T14:42:00Z,107733.80514306095
965,2022-06-28T14:43:00Z,107836.30174804783
966,2022-06-28T14:44:00Z,107544.29835019441
967,2022-06-28T14:45:00Z,107815.1154021028
968,2022-06-28T14:46:00Z,107580.95780847878
969,2022-06-28T14:47:00Z,107636.33009006335
970,2022-06-28T14:48:00Z,107728.58202383945
971,2022-06-28T14:49:00Z,107640.90443554468
972,2022-06-28T14:50:00Z,110261.87267916385
973,2022-06-28T14:51:00Z,118646.394324364
974,2022-06-28T14:52:00Z,105896.67249318871
975,2022-06-28T14:53:00Z,130438.3451702374
976,2022-06-28T14:54:00Z,129930.89982932335
977,2022-06-28T14:55:00Z,129036.11777255592
978,2022-06-28T14:56:00Z,126003.68794285893
979,2022-06-28T14:57:00Z,114868.06777893858
980,2022-06-28T14:58:00Z,61217.002717846655
981,2022-06-28T14:59:00Z,86951.43801645309
982,2022-06-28T15:00:00Z,81552.79581196887
983,2022-06-28T15:01:00Z,104080.65940609215
984,2022-06-28T15:02:00Z,95811.32338226584
985,2022-06-28T15:03:00Z,97046.11825996722
986,2022-06-28T15:04:00Z,98237.10585918996
987,2022-06-28T15:05:00Z,103992.13805591996
988,2022-06-28T15:06:00Z,103119.823261618
989,2022-06-28T15:07:00Z,105294.31276815095
990,2022-06-28T15:08:00Z,128332.90624445143
991,2022-06-28T15:09:00Z,115568.09547610713
992,2022-06-28T15:10:00Z,115849.14173243367
993,2022-06-28T15:11:00Z,115713.90658423498
994,2022-06-28T15:12:00Z,115571.27398513602
995,2022-06-28T15:13:00Z,115704.04575557548
996,2022-06-28T15:14:00Z,115847.09446128749
997,2022-06-28T15:15:00Z,115559.55431410436
998,2022-06-28T15:16:00Z,115393.69175672541
999,2022-06-28T15:17:00Z,115598.52331377026
1000,2022-06-28T15:18:00Z,115538.54259323687
