,Date,ReacEc_L1
0,2022-06-27T22:38:00Z,112.64000000002466
1,2022-06-27T22:39:00Z,112.64000000003486
2,2022-06-27T22:40:00Z,112.64000000003486
3,2022-06-27T22:41:00Z,112.64000000002466
4,2022-06-27T22:42:00Z,112.64
5,2022-06-27T22:43:00Z,112.64
6,2022-06-27T22:44:00Z,112.64
7,2022-06-27T22:45:00Z,112.64
8,2022-06-27T22:46:00Z,112.64
9,2022-06-27T22:47:00Z,112.64
10,2022-06-27T22:48:00Z,112.64
11,2022-06-27T22:49:00Z,112.64
12,2022-06-27T22:50:00Z,112.64
13,2022-06-27T22:51:00Z,112.64
14,2022-06-27T22:52:00Z,112.64
15,2022-06-27T22:53:00Z,112.64
16,2022-06-27T22:54:00Z,112.64
17,2022-06-27T22:55:00Z,112.64
18,2022-06-27T22:56:00Z,112.64
19,2022-06-27T22:57:00Z,112.64
20,2022-06-27T22:58:00Z,112.64
21,2022-06-27T22:59:00Z,112.64
22,2022-06-27T23:00:00Z,112.64
23,2022-06-27T23:01:00Z,112.64
24,2022-06-27T23:02:00Z,112.64
25,2022-06-27T23:03:00Z,112.64
26,2022-06-27T23:04:00Z,112.64
27,2022-06-27T23:05:00Z,112.64
28,2022-06-27T23:06:00Z,112.64
29,2022-06-27T23:07:00Z,112.64
30,2022-06-27T23:08:00Z,112.64
31,2022-06-27T23:09:00Z,112.64
32,2022-06-27T23:10:00Z,112.64
33,2022-06-27T23:11:00Z,112.64
34,2022-06-27T23:12:00Z,112.64
35,2022-06-27T23:13:00Z,112.64
36,2022-06-27T23:14:00Z,112.64
37,2022-06-27T23:15:00Z,112.64
38,2022-06-27T23:16:00Z,112.64
39,2022-06-27T23:17:00Z,112.64
40,2022-06-27T23:18:00Z,112.64
41,2022-06-27T23:19:00Z,112.64
42,2022-06-27T23:20:00Z,112.64
43,2022-06-27T23:21:00Z,112.64
44,2022-06-27T23:22:00Z,112.64
45,2022-06-27T23:23:00Z,112.64
46,2022-06-27T23:24:00Z,112.64
47,2022-06-27T23:25:00Z,112.64
48,2022-06-27T23:26:00Z,112.64
49,2022-06-27T23:27:00Z,112.64
50,2022-06-27T23:28:00Z,112.64
51,2022-06-27T23:29:00Z,112.64
52,2022-06-27T23:30:00Z,112.64
53,2022-06-27T23:31:00Z,112.64
54,2022-06-27T23:32:00Z,112.64
55,2022-06-27T23:33:00Z,112.64
56,2022-06-27T23:34:00Z,112.64
57,2022-06-27T23:35:00Z,112.64
58,2022-06-27T23:36:00Z,112.64
59,2022-06-27T23:37:00Z,112.64
60,2022-06-27T23:38:00Z,112.64
61,2022-06-27T23:39:00Z,112.64
62,2022-06-27T23:40:00Z,112.64
63,2022-06-27T23:41:00Z,112.64
64,2022-06-27T23:42:00Z,112.64
65,2022-06-27T23:43:00Z,112.64
66,2022-06-27T23:44:00Z,112.64
67,2022-06-27T23:45:00Z,112.64
68,2022-06-27T23:46:00Z,112.64
69,2022-06-27T23:47:00Z,112.64
70,2022-06-27T23:48:00Z,112.64
71,2022-06-27T23:49:00Z,112.64
72,2022-06-27T23:50:00Z,112.64
73,2022-06-27T23:51:00Z,112.64
74,2022-06-27T23:52:00Z,112.64
75,2022-06-27T23:53:00Z,112.64
76,2022-06-27T23:54:00Z,112.64
77,2022-06-27T23:55:00Z,112.64
78,2022-06-27T23:56:00Z,112.64
79,2022-06-27T23:57:00Z,112.64
80,2022-06-27T23:58:00Z,112.64
81,2022-06-27T23:59:00Z,112.64
82,2022-06-28T00:00:00Z,112.64
83,2022-06-28T00:01:00Z,112.64
84,2022-06-28T00:02:00Z,112.64
85,2022-06-28T00:03:00Z,112.64
86,2022-06-28T00:04:00Z,112.64
87,2022-06-28T00:05:00Z,112.64
88,2022-06-28T00:06:00Z,112.64
89,2022-06-28T00:07:00Z,112.64
90,2022-06-28T00:08:00Z,112.64
91,2022-06-28T00:09:00Z,112.64
92,2022-06-28T00:10:00Z,112.64
93,2022-06-28T00:11:00Z,112.64
94,2022-06-28T00:12:00Z,112.64
95,2022-06-28T00:13:00Z,112.64
96,2022-06-28T00:14:00Z,112.64
97,2022-06-28T00:15:00Z,112.64
98,2022-06-28T00:16:00Z,112.64
99,2022-06-28T00:17:00Z,112.64
100,2022-06-28T00:18:00Z,112.64
101,2022-06-28T00:19:00Z,112.64
102,2022-06-28T00:20:00Z,112.64
103,2022-06-28T00:21:00Z,112.64
104,2022-06-28T00:22:00Z,112.64
105,2022-06-28T00:23:00Z,112.64
106,2022-06-28T00:24:00Z,112.64
107,2022-06-28T00:25:00Z,112.64
108,2022-06-28T00:26:00Z,112.64
109,2022-06-28T00:27:00Z,112.64
110,2022-06-28T00:28:00Z,112.64
111,2022-06-28T00:29:00Z,112.64
112,2022-06-28T00:30:00Z,112.64
113,2022-06-28T00:31:00Z,112.64
114,2022-06-28T00:32:00Z,112.64
115,2022-06-28T00:33:00Z,112.64
116,2022-06-28T00:34:00Z,112.64
117,2022-06-28T00:35:00Z,112.64
118,2022-06-28T00:36:00Z,112.64
119,2022-06-28T00:37:00Z,112.64
120,2022-06-28T00:38:00Z,112.64
121,2022-06-28T00:39:00Z,112.64
122,2022-06-28T00:40:00Z,112.64
123,2022-06-28T00:41:00Z,112.64
124,2022-06-28T00:42:00Z,112.64
125,2022-06-28T00:43:00Z,112.64
126,2022-06-28T00:44:00Z,112.64
127,2022-06-28T00:45:00Z,112.64
128,2022-06-28T00:46:00Z,112.64
129,2022-06-28T00:47:00Z,112.64
130,2022-06-28T00:48:00Z,112.64
131,2022-06-28T00:49:00Z,112.64
132,2022-06-28T00:50:00Z,112.64
133,2022-06-28T00:51:00Z,112.64
134,2022-06-28T00:52:00Z,112.64
135,2022-06-28T00:53:00Z,112.64
136,2022-06-28T00:54:00Z,112.64
137,2022-06-28T00:55:00Z,112.64
138,2022-06-28T00:56:00Z,112.64
139,2022-06-28T00:57:00Z,112.64
140,2022-06-28T00:58:00Z,112.64
141,2022-06-28T00:59:00Z,112.64
142,2022-06-28T01:00:00Z,112.64
143,2022-06-28T01:01:00Z,112.64
144,2022-06-28T01:02:00Z,112.64
145,2022-06-28T01:03:00Z,112.64
146,2022-06-28T01:04:00Z,112.64
147,2022-06-28T01:05:00Z,112.64
148,2022-06-28T01:06:00Z,112.64
149,2022-06-28T01:07:00Z,112.64
150,2022-06-28T01:08:00Z,112.64
151,2022-06-28T01:09:00Z,112.64
152,2022-06-28T01:10:00Z,112.64
153,2022-06-28T01:11:00Z,112.64
154,2022-06-28T01:12:00Z,112.64
155,2022-06-28T01:13:00Z,112.64
156,2022-06-28T01:14:00Z,112.64
157,2022-06-28T01:15:00Z,112.64
158,2022-06-28T01:16:00Z,112.64
159,2022-06-28T01:17:00Z,112.64
160,2022-06-28T01:18:00Z,112.64
161,2022-06-28T01:19:00Z,112.64
162,2022-06-28T01:20:00Z,112.64
163,2022-06-28T01:21:00Z,112.64
164,2022-06-28T01:22:00Z,112.64
165,2022-06-28T01:23:00Z,112.64
166,2022-06-28T01:24:00Z,112.64
167,2022-06-28T01:25:00Z,112.64
168,2022-06-28T01:26:00Z,112.64
169,2022-06-28T01:27:00Z,112.64
170,2022-06-28T01:28:00Z,112.64
171,2022-06-28T01:29:00Z,112.64
172,2022-06-28T01:30:00Z,112.64
173,2022-06-28T01:31:00Z,112.64
174,2022-06-28T01:32:00Z,112.64
175,2022-06-28T01:33:00Z,112.64
176,2022-06-28T01:34:00Z,112.64
177,2022-06-28T01:35:00Z,112.64
178,2022-06-28T01:36:00Z,112.64
179,2022-06-28T01:37:00Z,112.64
180,2022-06-28T01:38:00Z,112.64
181,2022-06-28T01:39:00Z,112.64
182,2022-06-28T01:40:00Z,112.64
183,2022-06-28T01:41:00Z,112.64
184,2022-06-28T01:42:00Z,112.64
185,2022-06-28T01:43:00Z,112.64
186,2022-06-28T01:44:00Z,112.64
187,2022-06-28T01:45:00Z,112.64
188,2022-06-28T01:46:00Z,112.64
189,2022-06-28T01:47:00Z,112.64
190,2022-06-28T01:48:00Z,112.64
191,2022-06-28T01:49:00Z,112.64
192,2022-06-28T01:50:00Z,112.64
193,2022-06-28T01:51:00Z,112.64
194,2022-06-28T01:52:00Z,112.64
195,2022-06-28T01:53:00Z,112.64
196,2022-06-28T01:54:00Z,112.64
197,2022-06-28T01:55:00Z,112.64
198,2022-06-28T01:56:00Z,112.64
199,2022-06-28T01:57:00Z,112.64
200,2022-06-28T01:58:00Z,112.64
201,2022-06-28T01:59:00Z,112.64
202,2022-06-28T02:00:00Z,112.64
203,2022-06-28T02:01:00Z,112.64
204,2022-06-28T02:02:00Z,112.64
205,2022-06-28T02:03:00Z,112.64
206,2022-06-28T02:04:00Z,112.64
207,2022-06-28T02:05:00Z,112.64
208,2022-06-28T02:06:00Z,112.64
209,2022-06-28T02:07:00Z,112.64
210,2022-06-28T02:08:00Z,112.64
211,2022-06-28T02:09:00Z,112.64
212,2022-06-28T02:10:00Z,112.64
213,2022-06-28T02:11:00Z,112.64
214,2022-06-28T02:12:00Z,112.64
215,2022-06-28T02:13:00Z,112.64
216,2022-06-28T02:14:00Z,112.64
217,2022-06-28T02:15:00Z,112.64
218,2022-06-28T02:16:00Z,112.64
219,2022-06-28T02:17:00Z,112.64
220,2022-06-28T02:18:00Z,112.64
221,2022-06-28T02:19:00Z,112.64
222,2022-06-28T02:20:00Z,112.64
223,2022-06-28T02:21:00Z,112.64
224,2022-06-28T02:22:00Z,112.64
225,2022-06-28T02:23:00Z,112.64
226,2022-06-28T02:24:00Z,112.64
227,2022-06-28T02:25:00Z,112.64
228,2022-06-28T02:26:00Z,112.64
229,2022-06-28T02:27:00Z,112.64
230,2022-06-28T02:28:00Z,112.64
231,2022-06-28T02:29:00Z,112.64
232,2022-06-28T02:30:00Z,112.64
233,2022-06-28T02:31:00Z,112.64
234,2022-06-28T02:32:00Z,112.64
235,2022-06-28T02:33:00Z,112.64
236,2022-06-28T02:34:00Z,112.64
237,2022-06-28T02:35:00Z,112.64
238,2022-06-28T02:36:00Z,112.64
239,2022-06-28T02:37:00Z,112.64
240,2022-06-28T02:38:00Z,112.64
241,2022-06-28T02:39:00Z,112.64
242,2022-06-28T02:40:00Z,112.64
243,2022-06-28T02:41:00Z,112.64
244,2022-06-28T02:42:00Z,112.64
245,2022-06-28T02:43:00Z,112.64
246,2022-06-28T02:44:00Z,112.64
247,2022-06-28T02:45:00Z,112.64
248,2022-06-28T02:46:00Z,112.64
249,2022-06-28T02:47:00Z,112.64
250,2022-06-28T02:48:00Z,112.64
251,2022-06-28T02:49:00Z,112.64
252,2022-06-28T02:50:00Z,112.64
253,2022-06-28T02:51:00Z,112.64
254,2022-06-28T02:52:00Z,112.64
255,2022-06-28T02:53:00Z,112.64
256,2022-06-28T02:54:00Z,112.64
257,2022-06-28T02:55:00Z,112.64
258,2022-06-28T02:56:00Z,112.64
259,2022-06-28T02:57:00Z,112.64
260,2022-06-28T02:58:00Z,112.64
261,2022-06-28T02:59:00Z,112.64
262,2022-06-28T03:00:00Z,112.64
263,2022-06-28T03:01:00Z,112.64
264,2022-06-28T03:02:00Z,112.64
265,2022-06-28T03:03:00Z,112.64
266,2022-06-28T03:04:00Z,112.64
267,2022-06-28T03:05:00Z,112.64
268,2022-06-28T03:06:00Z,112.64
269,2022-06-28T03:07:00Z,112.64
270,2022-06-28T03:08:00Z,112.64
271,2022-06-28T03:09:00Z,112.64
272,2022-06-28T03:10:00Z,112.64
273,2022-06-28T03:11:00Z,112.64
274,2022-06-28T03:12:00Z,112.64
275,2022-06-28T03:13:00Z,112.64
276,2022-06-28T03:14:00Z,112.64
277,2022-06-28T03:15:00Z,112.64
278,2022-06-28T03:16:00Z,112.64
279,2022-06-28T03:17:00Z,112.64
280,2022-06-28T03:18:00Z,112.64
281,2022-06-28T03:19:00Z,112.64
282,2022-06-28T03:20:00Z,112.64
283,2022-06-28T03:21:00Z,112.64
284,2022-06-28T03:22:00Z,112.64
285,2022-06-28T03:23:00Z,112.64
286,2022-06-28T03:24:00Z,112.64
287,2022-06-28T03:25:00Z,112.64
288,2022-06-28T03:26:00Z,112.64
289,2022-06-28T03:27:00Z,112.64
290,2022-06-28T03:28:00Z,112.64
291,2022-06-28T03:29:00Z,112.64
292,2022-06-28T03:30:00Z,112.64
293,2022-06-28T03:31:00Z,112.64
294,2022-06-28T03:32:00Z,112.64
295,2022-06-28T03:33:00Z,112.64
296,2022-06-28T03:34:00Z,112.64
297,2022-06-28T03:35:00Z,112.64
298,2022-06-28T03:36:00Z,112.64
299,2022-06-28T03:37:00Z,112.64
300,2022-06-28T03:38:00Z,112.64
301,2022-06-28T03:39:00Z,112.64
302,2022-06-28T03:40:00Z,112.64
303,2022-06-28T03:41:00Z,112.64
304,2022-06-28T03:42:00Z,112.64
305,2022-06-28T03:43:00Z,112.64
306,2022-06-28T03:44:00Z,112.64
307,2022-06-28T03:45:00Z,112.64
308,2022-06-28T03:46:00Z,112.64
309,2022-06-28T03:47:00Z,112.64
310,2022-06-28T03:48:00Z,112.64
311,2022-06-28T03:49:00Z,112.64
312,2022-06-28T03:50:00Z,112.64
313,2022-06-28T03:51:00Z,112.64
314,2022-06-28T03:52:00Z,112.64
315,2022-06-28T03:53:00Z,112.64
316,2022-06-28T03:54:00Z,112.64
317,2022-06-28T03:55:00Z,112.64
318,2022-06-28T03:56:00Z,112.64
319,2022-06-28T03:57:00Z,112.64
320,2022-06-28T03:58:00Z,112.64
321,2022-06-28T03:59:00Z,112.64
322,2022-06-28T04:00:00Z,112.64
323,2022-06-28T04:01:00Z,112.64
324,2022-06-28T04:02:00Z,112.64
325,2022-06-28T04:03:00Z,112.64
326,2022-06-28T04:04:00Z,112.64
327,2022-06-28T04:05:00Z,112.64
328,2022-06-28T04:06:00Z,112.64
329,2022-06-28T04:07:00Z,112.64
330,2022-06-28T04:08:00Z,112.64
331,2022-06-28T04:09:00Z,112.64
332,2022-06-28T04:10:00Z,112.64
333,2022-06-28T04:11:00Z,112.64
334,2022-06-28T04:12:00Z,112.64
335,2022-06-28T04:13:00Z,112.64
336,2022-06-28T04:14:00Z,112.64
337,2022-06-28T04:15:00Z,112.64
338,2022-06-28T04:16:00Z,112.64
339,2022-06-28T04:17:00Z,112.64
340,2022-06-28T04:18:00Z,112.64
341,2022-06-28T04:19:00Z,112.64
342,2022-06-28T04:20:00Z,112.64
343,2022-06-28T04:21:00Z,112.64
344,2022-06-28T04:22:00Z,112.64
345,2022-06-28T04:23:00Z,112.64
346,2022-06-28T04:24:00Z,112.64
347,2022-06-28T04:25:00Z,112.64
348,2022-06-28T04:26:00Z,112.64
349,2022-06-28T04:27:00Z,112.64
350,2022-06-28T04:28:00Z,112.64
351,2022-06-28T04:29:00Z,112.64
352,2022-06-28T04:30:00Z,112.64
353,2022-06-28T04:31:00Z,112.64
354,2022-06-28T04:32:00Z,112.64
355,2022-06-28T04:33:00Z,112.64
356,2022-06-28T04:34:00Z,112.64
357,2022-06-28T04:35:00Z,112.64
358,2022-06-28T04:36:00Z,112.64
359,2022-06-28T04:37:00Z,112.64
360,2022-06-28T04:38:00Z,112.64
361,2022-06-28T04:39:00Z,112.64
362,2022-06-28T04:40:00Z,112.64
363,2022-06-28T04:41:00Z,112.64
364,2022-06-28T04:42:00Z,112.64
365,2022-06-28T04:43:00Z,112.64
366,2022-06-28T04:44:00Z,112.64
367,2022-06-28T04:45:00Z,112.64
368,2022-06-28T04:46:00Z,112.64
369,2022-06-28T04:47:00Z,112.64
370,2022-06-28T04:48:00Z,112.64
371,2022-06-28T04:49:00Z,112.64
372,2022-06-28T04:50:00Z,112.64
373,2022-06-28T04:51:00Z,112.64
374,2022-06-28T04:52:00Z,112.64
375,2022-06-28T04:53:00Z,112.64
376,2022-06-28T04:54:00Z,112.64
377,2022-06-28T04:55:00Z,112.64
378,2022-06-28T04:56:00Z,112.64
379,2022-06-28T04:57:00Z,112.64
380,2022-06-28T04:58:00Z,112.64
381,2022-06-28T04:59:00Z,112.64
382,2022-06-28T05:00:00Z,112.64
383,2022-06-28T05:01:00Z,112.64
384,2022-06-28T05:02:00Z,112.64
385,2022-06-28T05:03:00Z,112.64
386,2022-06-28T05:04:00Z,112.64
387,2022-06-28T05:05:00Z,112.64
388,2022-06-28T05:06:00Z,112.64
389,2022-06-28T05:07:00Z,112.64
390,2022-06-28T05:08:00Z,112.64
391,2022-06-28T05:09:00Z,112.64
392,2022-06-28T05:10:00Z,112.64
393,2022-06-28T05:11:00Z,112.64
394,2022-06-28T05:12:00Z,112.64
395,2022-06-28T05:13:00Z,112.64
396,2022-06-28T05:14:00Z,112.64
397,2022-06-28T05:15:00Z,112.64
398,2022-06-28T05:16:00Z,112.64
399,2022-06-28T05:17:00Z,112.64
400,2022-06-28T05:18:00Z,112.64
401,2022-06-28T05:19:00Z,112.64
402,2022-06-28T05:20:00Z,112.64
403,2022-06-28T05:21:00Z,112.64
404,2022-06-28T05:22:00Z,112.64
405,2022-06-28T05:23:00Z,112.64
406,2022-06-28T05:24:00Z,112.64
407,2022-06-28T05:25:00Z,112.64
408,2022-06-28T05:26:00Z,112.64
409,2022-06-28T05:27:00Z,112.64
410,2022-06-28T05:28:00Z,112.64
411,2022-06-28T05:29:00Z,112.64
412,2022-06-28T05:30:00Z,112.64
413,2022-06-28T05:31:00Z,112.64
414,2022-06-28T05:32:00Z,112.64
415,2022-06-28T05:33:00Z,112.64
416,2022-06-28T05:34:00Z,112.64
417,2022-06-28T05:35:00Z,112.64
418,2022-06-28T05:36:00Z,112.64
419,2022-06-28T05:37:00Z,112.64
420,2022-06-28T05:38:00Z,112.64
421,2022-06-28T05:39:00Z,112.64
422,2022-06-28T05:40:00Z,112.64
423,2022-06-28T05:41:00Z,112.64
424,2022-06-28T05:42:00Z,112.64
425,2022-06-28T05:43:00Z,112.64
426,2022-06-28T05:44:00Z,112.64
427,2022-06-28T05:45:00Z,112.64
428,2022-06-28T05:46:00Z,112.64
429,2022-06-28T05:47:00Z,112.64
430,2022-06-28T05:48:00Z,112.64
431,2022-06-28T05:49:00Z,112.64
432,2022-06-28T05:50:00Z,112.64
433,2022-06-28T05:51:00Z,112.64
434,2022-06-28T05:52:00Z,112.64
435,2022-06-28T05:53:00Z,112.64
436,2022-06-28T05:54:00Z,112.64
437,2022-06-28T05:55:00Z,112.64
438,2022-06-28T05:56:00Z,112.64
439,2022-06-28T05:57:00Z,112.64
440,2022-06-28T05:58:00Z,112.64
441,2022-06-28T05:59:00Z,112.64
442,2022-06-28T06:00:00Z,112.64
443,2022-06-28T06:01:00Z,112.64
444,2022-06-28T06:02:00Z,112.64
445,2022-06-28T06:03:00Z,112.64
446,2022-06-28T06:04:00Z,112.64
447,2022-06-28T06:05:00Z,112.64
448,2022-06-28T06:06:00Z,112.64
449,2022-06-28T06:07:00Z,112.64
450,2022-06-28T06:08:00Z,112.64
451,2022-06-28T06:09:00Z,112.64
452,2022-06-28T06:10:00Z,112.64
453,2022-06-28T06:11:00Z,112.64
454,2022-06-28T06:12:00Z,112.64
455,2022-06-28T06:13:00Z,112.64
456,2022-06-28T06:14:00Z,112.64
457,2022-06-28T06:15:00Z,112.64
458,2022-06-28T06:16:00Z,112.64
459,2022-06-28T06:17:00Z,112.64
460,2022-06-28T06:18:00Z,112.64
461,2022-06-28T06:19:00Z,112.64
462,2022-06-28T06:20:00Z,112.64
463,2022-06-28T06:21:00Z,112.64
464,2022-06-28T06:22:00Z,112.64
465,2022-06-28T06:23:00Z,112.64
466,2022-06-28T06:24:00Z,112.64
467,2022-06-28T06:25:00Z,112.64
468,2022-06-28T06:26:00Z,112.64
469,2022-06-28T06:27:00Z,112.64
470,2022-06-28T06:28:00Z,112.64
471,2022-06-28T06:29:00Z,112.64
472,2022-06-28T06:30:00Z,112.64
473,2022-06-28T06:31:00Z,112.64
474,2022-06-28T06:32:00Z,112.64
475,2022-06-28T06:33:00Z,112.64
476,2022-06-28T06:34:00Z,112.64
477,2022-06-28T06:35:00Z,112.64
478,2022-06-28T06:36:00Z,112.64
479,2022-06-28T06:37:00Z,112.64
480,2022-06-28T06:38:00Z,112.64
481,2022-06-28T06:39:00Z,112.64
482,2022-06-28T06:40:00Z,112.64
483,2022-06-28T06:41:00Z,112.64
484,2022-06-28T06:42:00Z,112.64
485,2022-06-28T06:43:00Z,112.64
486,2022-06-28T06:44:00Z,112.64
487,2022-06-28T06:45:00Z,112.64
488,2022-06-28T06:46:00Z,112.64
489,2022-06-28T06:47:00Z,112.64
490,2022-06-28T06:48:00Z,112.64
491,2022-06-28T06:49:00Z,112.64
492,2022-06-28T06:50:00Z,112.64
493,2022-06-28T06:51:00Z,112.64
494,2022-06-28T06:52:00Z,112.64
495,2022-06-28T06:53:00Z,112.64
496,2022-06-28T06:54:00Z,112.64
497,2022-06-28T06:55:00Z,112.64
498,2022-06-28T06:56:00Z,112.64
499,2022-06-28T06:57:00Z,112.64
500,2022-06-28T06:58:00Z,112.64
501,2022-06-28T06:59:00Z,112.64
502,2022-06-28T07:00:00Z,112.64
503,2022-06-28T07:01:00Z,112.64
504,2022-06-28T07:02:00Z,112.64
505,2022-06-28T07:03:00Z,112.64
506,2022-06-28T07:04:00Z,112.64
507,2022-06-28T07:05:00Z,112.64
508,2022-06-28T07:06:00Z,112.64
509,2022-06-28T07:07:00Z,112.64
510,2022-06-28T07:08:00Z,112.64
511,2022-06-28T07:09:00Z,112.64
512,2022-06-28T07:10:00Z,112.64
513,2022-06-28T07:11:00Z,112.64
514,2022-06-28T07:12:00Z,112.64
515,2022-06-28T07:13:00Z,112.64
516,2022-06-28T07:14:00Z,112.64
517,2022-06-28T07:15:00Z,112.64
518,2022-06-28T07:16:00Z,112.64
519,2022-06-28T07:17:00Z,112.64
520,2022-06-28T07:18:00Z,112.64
521,2022-06-28T07:19:00Z,112.64
522,2022-06-28T07:20:00Z,112.64
523,2022-06-28T07:21:00Z,112.64
524,2022-06-28T07:22:00Z,112.64
525,2022-06-28T07:23:00Z,112.64
526,2022-06-28T07:24:00Z,112.64
527,2022-06-28T07:25:00Z,112.64
528,2022-06-28T07:26:00Z,112.64
529,2022-06-28T07:27:00Z,112.64
530,2022-06-28T07:28:00Z,112.64
531,2022-06-28T07:29:00Z,112.64
532,2022-06-28T07:30:00Z,112.64
533,2022-06-28T07:31:00Z,112.64
534,2022-06-28T07:32:00Z,112.64
535,2022-06-28T07:33:00Z,112.64
536,2022-06-28T07:34:00Z,112.64
537,2022-06-28T07:35:00Z,112.64
538,2022-06-28T07:36:00Z,112.64
539,2022-06-28T07:37:00Z,112.64
540,2022-06-28T07:38:00Z,112.64
541,2022-06-28T07:39:00Z,112.64
542,2022-06-28T07:40:00Z,112.64
543,2022-06-28T07:41:00Z,112.64
544,2022-06-28T07:42:00Z,112.64
545,2022-06-28T07:43:00Z,112.64
546,2022-06-28T07:44:00Z,112.64
547,2022-06-28T07:45:00Z,112.64
548,2022-06-28T07:46:00Z,112.64
549,2022-06-28T07:47:00Z,112.64
550,2022-06-28T07:48:00Z,112.64
551,2022-06-28T07:49:00Z,112.64
552,2022-06-28T07:50:00Z,112.64
553,2022-06-28T07:51:00Z,112.64
554,2022-06-28T07:52:00Z,112.64
555,2022-06-28T07:53:00Z,112.64
556,2022-06-28T07:54:00Z,112.64
557,2022-06-28T07:55:00Z,112.64
558,2022-06-28T07:56:00Z,112.64
559,2022-06-28T07:57:00Z,112.64
560,2022-06-28T07:58:00Z,112.64
561,2022-06-28T07:59:00Z,112.64
562,2022-06-28T08:00:00Z,112.64
563,2022-06-28T08:01:00Z,112.64
564,2022-06-28T08:02:00Z,112.64
565,2022-06-28T08:03:00Z,112.64
566,2022-06-28T08:04:00Z,112.64
567,2022-06-28T08:05:00Z,112.64
568,2022-06-28T08:06:00Z,112.64
569,2022-06-28T08:07:00Z,112.64
570,2022-06-28T08:08:00Z,112.64
571,2022-06-28T08:09:00Z,112.64
572,2022-06-28T08:10:00Z,112.64
573,2022-06-28T08:11:00Z,112.64
574,2022-06-28T08:12:00Z,112.64
575,2022-06-28T08:13:00Z,112.64
576,2022-06-28T08:14:00Z,112.64
577,2022-06-28T08:15:00Z,112.64
578,2022-06-28T08:16:00Z,112.64
579,2022-06-28T08:17:00Z,112.64
580,2022-06-28T08:18:00Z,112.64
581,2022-06-28T08:19:00Z,112.64
582,2022-06-28T08:20:00Z,112.64
583,2022-06-28T08:21:00Z,112.64
584,2022-06-28T08:22:00Z,112.64
585,2022-06-28T08:23:00Z,112.64
586,2022-06-28T08:24:00Z,112.64
587,2022-06-28T08:25:00Z,112.64
588,2022-06-28T08:26:00Z,112.64
589,2022-06-28T08:27:00Z,112.64
590,2022-06-28T08:28:00Z,112.64
591,2022-06-28T08:29:00Z,112.64
592,2022-06-28T08:30:00Z,112.64
593,2022-06-28T08:31:00Z,112.64
594,2022-06-28T08:32:00Z,112.64
595,2022-06-28T08:33:00Z,112.64
596,2022-06-28T08:34:00Z,112.64
597,2022-06-28T08:35:00Z,112.64
598,2022-06-28T08:36:00Z,112.64
599,2022-06-28T08:37:00Z,112.64
600,2022-06-28T08:38:00Z,112.64
601,2022-06-28T08:39:00Z,112.64
602,2022-06-28T08:40:00Z,112.64
603,2022-06-28T08:41:00Z,112.64
604,2022-06-28T08:42:00Z,112.64
605,2022-06-28T08:43:00Z,112.64
606,2022-06-28T08:44:00Z,112.64
607,2022-06-28T08:45:00Z,112.64
608,2022-06-28T08:46:00Z,112.64
609,2022-06-28T08:47:00Z,112.64
610,2022-06-28T08:48:00Z,112.64
611,2022-06-28T08:49:00Z,112.64
612,2022-06-28T08:50:00Z,112.64
613,2022-06-28T08:51:00Z,112.64
614,2022-06-28T08:52:00Z,112.64
615,2022-06-28T08:53:00Z,112.64
616,2022-06-28T08:54:00Z,112.64
617,2022-06-28T08:55:00Z,112.64
618,2022-06-28T08:56:00Z,112.64
619,2022-06-28T08:57:00Z,112.64
620,2022-06-28T08:58:00Z,112.64
621,2022-06-28T08:59:00Z,112.64
622,2022-06-28T09:00:00Z,112.64
623,2022-06-28T09:01:00Z,112.64
624,2022-06-28T09:02:00Z,112.64
625,2022-06-28T09:03:00Z,112.64
626,2022-06-28T09:04:00Z,112.64
627,2022-06-28T09:05:00Z,112.64
628,2022-06-28T09:06:00Z,112.64
629,2022-06-28T09:07:00Z,112.64
630,2022-06-28T09:08:00Z,112.64
631,2022-06-28T09:09:00Z,112.64
632,2022-06-28T09:10:00Z,112.64
633,2022-06-28T09:11:00Z,112.64
634,2022-06-28T09:12:00Z,112.64
635,2022-06-28T09:13:00Z,112.64
636,2022-06-28T09:14:00Z,112.64
637,2022-06-28T09:15:00Z,112.64
638,2022-06-28T09:16:00Z,112.64
639,2022-06-28T09:17:00Z,112.64
640,2022-06-28T09:18:00Z,112.64
641,2022-06-28T09:19:00Z,112.64
642,2022-06-28T09:20:00Z,112.64
643,2022-06-28T09:21:00Z,112.64
644,2022-06-28T09:22:00Z,112.64
645,2022-06-28T09:23:00Z,112.64
646,2022-06-28T09:24:00Z,112.64
647,2022-06-28T09:25:00Z,112.64
648,2022-06-28T09:26:00Z,112.64
649,2022-06-28T09:27:00Z,112.64
650,2022-06-28T09:28:00Z,112.64
651,2022-06-28T09:29:00Z,112.64
652,2022-06-28T09:30:00Z,112.64
653,2022-06-28T09:31:00Z,112.64
654,2022-06-28T09:32:00Z,112.64
655,2022-06-28T09:33:00Z,112.64
656,2022-06-28T09:34:00Z,112.64
657,2022-06-28T09:35:00Z,112.64
658,2022-06-28T09:36:00Z,112.64
659,2022-06-28T09:37:00Z,112.64
660,2022-06-28T09:38:00Z,112.64
661,2022-06-28T09:39:00Z,112.64
662,2022-06-28T09:40:00Z,112.64
663,2022-06-28T09:41:00Z,112.64
664,2022-06-28T09:42:00Z,112.64
665,2022-06-28T09:43:00Z,112.64
666,2022-06-28T09:44:00Z,112.64
667,2022-06-28T09:45:00Z,112.64
668,2022-06-28T09:46:00Z,112.64
669,2022-06-28T09:47:00Z,112.64
670,2022-06-28T09:48:00Z,112.64
671,2022-06-28T09:49:00Z,112.64
672,2022-06-28T09:50:00Z,112.64
673,2022-06-28T09:51:00Z,112.64
674,2022-06-28T09:52:00Z,112.64
675,2022-06-28T09:53:00Z,112.64
676,2022-06-28T09:54:00Z,112.64
677,2022-06-28T09:55:00Z,112.64
678,2022-06-28T09:56:00Z,112.64
679,2022-06-28T09:57:00Z,112.64
680,2022-06-28T09:58:00Z,112.64
681,2022-06-28T09:59:00Z,112.64
682,2022-06-28T10:00:00Z,112.64
683,2022-06-28T10:01:00Z,112.64
684,2022-06-28T10:02:00Z,112.64
685,2022-06-28T10:03:00Z,112.64
686,2022-06-28T10:04:00Z,112.64
687,2022-06-28T10:05:00Z,112.64
688,2022-06-28T10:06:00Z,112.64
689,2022-06-28T10:07:00Z,112.64
690,2022-06-28T10:08:00Z,112.64
691,2022-06-28T10:09:00Z,112.64
692,2022-06-28T10:10:00Z,112.64
693,2022-06-28T10:11:00Z,112.64
694,2022-06-28T10:12:00Z,112.64
695,2022-06-28T10:13:00Z,112.64
696,2022-06-28T10:14:00Z,112.64
697,2022-06-28T10:15:00Z,112.64
698,2022-06-28T10:16:00Z,112.64
699,2022-06-28T10:17:00Z,112.64
700,2022-06-28T10:18:00Z,112.64
701,2022-06-28T10:19:00Z,112.64
702,2022-06-28T10:20:00Z,112.64
703,2022-06-28T10:21:00Z,112.64
704,2022-06-28T10:22:00Z,112.64
705,2022-06-28T10:23:00Z,112.64
706,2022-06-28T10:24:00Z,112.64
707,2022-06-28T10:25:00Z,112.64
708,2022-06-28T10:26:00Z,112.64
709,2022-06-28T10:27:00Z,112.64
710,2022-06-28T10:28:00Z,112.64
711,2022-06-28T10:29:00Z,112.64
712,2022-06-28T10:30:00Z,112.64
713,2022-06-28T10:31:00Z,112.64
714,2022-06-28T10:32:00Z,112.64
715,2022-06-28T10:33:00Z,112.64
716,2022-06-28T10:34:00Z,112.64
717,2022-06-28T10:35:00Z,112.64
718,2022-06-28T10:36:00Z,112.64
719,2022-06-28T10:37:00Z,112.64
720,2022-06-28T10:38:00Z,112.64
721,2022-06-28T10:39:00Z,112.64
722,2022-06-28T10:40:00Z,112.64
723,2022-06-28T10:41:00Z,112.64
724,2022-06-28T10:42:00Z,112.64
725,2022-06-28T10:43:00Z,112.64
726,2022-06-28T10:44:00Z,112.64
727,2022-06-28T10:45:00Z,112.64
728,2022-06-28T10:46:00Z,112.64
729,2022-06-28T10:47:00Z,112.64
730,2022-06-28T10:48:00Z,112.64
731,2022-06-28T10:49:00Z,112.64
732,2022-06-28T10:50:00Z,112.64
733,2022-06-28T10:51:00Z,112.64
734,2022-06-28T10:52:00Z,112.64
735,2022-06-28T10:53:00Z,112.64
736,2022-06-28T10:54:00Z,112.64
737,2022-06-28T10:55:00Z,112.64
738,2022-06-28T10:56:00Z,112.64
739,2022-06-28T10:57:00Z,112.64
740,2022-06-28T10:58:00Z,112.64
741,2022-06-28T10:59:00Z,112.64
742,2022-06-28T11:00:00Z,112.64
743,2022-06-28T11:01:00Z,112.64
744,2022-06-28T11:02:00Z,112.64
745,2022-06-28T11:03:00Z,112.64
746,2022-06-28T11:04:00Z,112.64
747,2022-06-28T11:05:00Z,112.64
748,2022-06-28T11:06:00Z,112.64
749,2022-06-28T11:07:00Z,112.64
750,2022-06-28T11:08:00Z,112.64
751,2022-06-28T11:09:00Z,112.64
752,2022-06-28T11:10:00Z,112.64
753,2022-06-28T11:11:00Z,112.64
754,2022-06-28T11:12:00Z,112.64
755,2022-06-28T11:13:00Z,112.64
756,2022-06-28T11:14:00Z,112.64
757,2022-06-28T11:15:00Z,112.64
758,2022-06-28T11:16:00Z,112.64
759,2022-06-28T11:17:00Z,112.64
760,2022-06-28T11:18:00Z,112.64
761,2022-06-28T11:19:00Z,112.64
762,2022-06-28T11:20:00Z,112.64
763,2022-06-28T11:21:00Z,112.64
764,2022-06-28T11:22:00Z,112.64
765,2022-06-28T11:23:00Z,112.64
766,2022-06-28T11:24:00Z,112.64
767,2022-06-28T11:25:00Z,112.64
768,2022-06-28T11:26:00Z,112.64
769,2022-06-28T11:27:00Z,112.64
770,2022-06-28T11:28:00Z,112.64
771,2022-06-28T11:29:00Z,112.64
772,2022-06-28T11:30:00Z,112.64
773,2022-06-28T11:31:00Z,112.64
774,2022-06-28T11:32:00Z,112.64
775,2022-06-28T11:33:00Z,112.64
776,2022-06-28T11:34:00Z,112.64
777,2022-06-28T11:35:00Z,112.64
778,2022-06-28T11:36:00Z,112.64
779,2022-06-28T11:37:00Z,112.64
780,2022-06-28T11:38:00Z,112.64
781,2022-06-28T11:39:00Z,112.64
782,2022-06-28T11:40:00Z,112.64
783,2022-06-28T11:41:00Z,112.64
784,2022-06-28T11:42:00Z,112.64
785,2022-06-28T11:43:00Z,112.64
786,2022-06-28T11:44:00Z,112.64
787,2022-06-28T11:45:00Z,112.64
788,2022-06-28T11:46:00Z,112.64
789,2022-06-28T11:47:00Z,112.64
790,2022-06-28T11:48:00Z,112.64
791,2022-06-28T11:49:00Z,112.64
792,2022-06-28T11:50:00Z,112.64
793,2022-06-28T11:51:00Z,112.64
794,2022-06-28T11:52:00Z,112.64
795,2022-06-28T11:53:00Z,112.64
796,2022-06-28T11:54:00Z,112.64
797,2022-06-28T11:55:00Z,112.64
798,2022-06-28T11:56:00Z,112.64
799,2022-06-28T11:57:00Z,112.64
800,2022-06-28T11:58:00Z,112.64
801,2022-06-28T11:59:00Z,112.64
802,2022-06-28T12:00:00Z,112.64
803,2022-06-28T12:01:00Z,112.64
804,2022-06-28T12:02:00Z,112.64
805,2022-06-28T12:03:00Z,112.64
806,2022-06-28T12:04:00Z,112.64
807,2022-06-28T12:05:00Z,112.64
808,2022-06-28T12:06:00Z,112.64
809,2022-06-28T12:07:00Z,112.64
810,2022-06-28T12:08:00Z,112.64
811,2022-06-28T12:09:00Z,112.64
812,2022-06-28T12:10:00Z,112.64
813,2022-06-28T12:11:00Z,112.64
814,2022-06-28T12:12:00Z,112.64
815,2022-06-28T12:13:00Z,112.64
816,2022-06-28T12:14:00Z,112.64
817,2022-06-28T12:15:00Z,112.64
818,2022-06-28T12:16:00Z,112.64
819,2022-06-28T12:17:00Z,112.64
820,2022-06-28T12:18:00Z,112.64
821,2022-06-28T12:19:00Z,112.64
822,2022-06-28T12:20:00Z,112.64
823,2022-06-28T12:21:00Z,112.64
824,2022-06-28T12:22:00Z,112.64
825,2022-06-28T12:23:00Z,112.64
826,2022-06-28T12:24:00Z,112.64
827,2022-06-28T12:25:00Z,112.64
828,2022-06-28T12:26:00Z,112.64
829,2022-06-28T12:27:00Z,112.64
830,2022-06-28T12:28:00Z,112.64
831,2022-06-28T12:29:00Z,112.64
832,2022-06-28T12:30:00Z,112.64
833,2022-06-28T12:31:00Z,112.64
834,2022-06-28T12:32:00Z,112.64
835,2022-06-28T12:33:00Z,112.64
836,2022-06-28T12:34:00Z,112.64
837,2022-06-28T12:35:00Z,112.64
838,2022-06-28T12:36:00Z,112.64
839,2022-06-28T12:37:00Z,112.64
840,2022-06-28T12:38:00Z,112.64
841,2022-06-28T12:39:00Z,112.64
842,2022-06-28T12:40:00Z,112.64
843,2022-06-28T12:41:00Z,112.64
844,2022-06-28T12:42:00Z,112.64
845,2022-06-28T12:43:00Z,112.64
846,2022-06-28T12:44:00Z,112.64
847,2022-06-28T12:45:00Z,112.64
848,2022-06-28T12:46:00Z,112.64
849,2022-06-28T12:47:00Z,112.64
850,2022-06-28T12:48:00Z,112.64
851,2022-06-28T12:49:00Z,112.64
852,2022-06-28T12:50:00Z,112.64
853,2022-06-28T12:51:00Z,112.64
854,2022-06-28T12:52:00Z,112.64
855,2022-06-28T12:53:00Z,112.64
856,2022-06-28T12:54:00Z,112.64
857,2022-06-28T12:55:00Z,112.64
858,2022-06-28T12:56:00Z,112.64
859,2022-06-28T12:57:00Z,112.64
860,2022-06-28T12:58:00Z,112.64
861,2022-06-28T12:59:00Z,112.64
862,2022-06-28T13:00:00Z,112.64
863,2022-06-28T13:01:00Z,112.64
864,2022-06-28T13:02:00Z,112.64
865,2022-06-28T13:03:00Z,112.64
866,2022-06-28T13:04:00Z,112.64
867,2022-06-28T13:05:00Z,112.64
868,2022-06-28T13:06:00Z,112.64
869,2022-06-28T13:07:00Z,112.64
870,2022-06-28T13:08:00Z,112.64
871,2022-06-28T13:09:00Z,112.64
872,2022-06-28T13:10:00Z,112.64
873,2022-06-28T13:11:00Z,112.64
874,2022-06-28T13:12:00Z,112.64
875,2022-06-28T13:13:00Z,112.64
876,2022-06-28T13:14:00Z,112.64
877,2022-06-28T13:15:00Z,112.64
878,2022-06-28T13:16:00Z,112.64
879,2022-06-28T13:17:00Z,112.64
880,2022-06-28T13:18:00Z,112.64
881,2022-06-28T13:19:00Z,112.64
882,2022-06-28T13:20:00Z,112.64
883,2022-06-28T13:21:00Z,112.64
884,2022-06-28T13:22:00Z,112.64
885,2022-06-28T13:23:00Z,112.64
886,2022-06-28T13:24:00Z,112.64
887,2022-06-28T13:25:00Z,112.64
888,2022-06-28T13:26:00Z,112.64
889,2022-06-28T13:27:00Z,112.64
890,2022-06-28T13:28:00Z,112.64
891,2022-06-28T13:29:00Z,112.64
892,2022-06-28T13:30:00Z,112.64
893,2022-06-28T13:31:00Z,112.64
894,2022-06-28T13:32:00Z,112.64
895,2022-06-28T13:33:00Z,112.64
896,2022-06-28T13:34:00Z,112.64
897,2022-06-28T13:35:00Z,112.64
898,2022-06-28T13:36:00Z,112.64
899,2022-06-28T13:37:00Z,112.64
900,2022-06-28T13:38:00Z,112.64
901,2022-06-28T13:39:00Z,112.64
902,2022-06-28T13:40:00Z,112.64
903,2022-06-28T13:41:00Z,112.64
904,2022-06-28T13:42:00Z,112.64
905,2022-06-28T13:43:00Z,112.64
906,2022-06-28T13:44:00Z,112.64
907,2022-06-28T13:45:00Z,112.64
908,2022-06-28T13:46:00Z,112.64
909,2022-06-28T13:47:00Z,112.64
910,2022-06-28T13:48:00Z,112.64
911,2022-06-28T13:49:00Z,112.64
912,2022-06-28T13:50:00Z,112.64
913,2022-06-28T13:51:00Z,112.64
914,2022-06-28T13:52:00Z,112.64
915,2022-06-28T13:53:00Z,112.64
916,2022-06-28T13:54:00Z,112.64
917,2022-06-28T13:55:00Z,112.64
918,2022-06-28T13:56:00Z,112.64
919,2022-06-28T13:57:00Z,112.64
920,2022-06-28T13:58:00Z,112.64
921,2022-06-28T13:59:00Z,112.64
922,2022-06-28T14:00:00Z,112.64
923,2022-06-28T14:01:00Z,112.64
924,2022-06-28T14:02:00Z,112.64
925,2022-06-28T14:03:00Z,112.64
926,2022-06-28T14:04:00Z,112.64
927,2022-06-28T14:05:00Z,112.64
928,2022-06-28T14:06:00Z,112.64
929,2022-06-28T14:07:00Z,112.64
930,2022-06-28T14:08:00Z,112.64
931,2022-06-28T14:09:00Z,112.64
932,2022-06-28T14:10:00Z,112.64
933,2022-06-28T14:11:00Z,112.64
934,2022-06-28T14:12:00Z,112.64
935,2022-06-28T14:13:00Z,112.64
936,2022-06-28T14:14:00Z,112.64
937,2022-06-28T14:15:00Z,112.64
938,2022-06-28T14:16:00Z,112.64
939,2022-06-28T14:17:00Z,112.64
940,2022-06-28T14:18:00Z,112.64
941,2022-06-28T14:19:00Z,112.64
942,2022-06-28T14:20:00Z,112.64
943,2022-06-28T14:21:00Z,112.64
944,2022-06-28T14:22:00Z,112.64
945,2022-06-28T14:23:00Z,112.64
946,2022-06-28T14:24:00Z,112.64
947,2022-06-28T14:25:00Z,112.64
948,2022-06-28T14:26:00Z,112.64
949,2022-06-28T14:27:00Z,112.64
950,2022-06-28T14:28:00Z,112.64
951,2022-06-28T14:29:00Z,112.64
952,2022-06-28T14:30:00Z,112.64
953,2022-06-28T14:31:00Z,112.64
954,2022-06-28T14:32:00Z,112.64
955,2022-06-28T14:33:00Z,112.64
956,2022-06-28T14:34:00Z,112.64
957,2022-06-28T14:35:00Z,112.64
958,2022-06-28T14:36:00Z,112.64
959,2022-06-28T14:37:00Z,112.64
960,2022-06-28T14:38:00Z,112.64
961,2022-06-28T14:39:00Z,112.64
962,2022-06-28T14:40:00Z,112.64
963,2022-06-28T14:41:00Z,112.64
964,2022-06-28T14:42:00Z,112.64
965,2022-06-28T14:43:00Z,112.64
966,2022-06-28T14:44:00Z,112.64
967,2022-06-28T14:45:00Z,112.64
968,2022-06-28T14:46:00Z,112.64
969,2022-06-28T14:47:00Z,112.64
970,2022-06-28T14:48:00Z,112.64
971,2022-06-28T14:49:00Z,112.64
972,2022-06-28T14:50:00Z,112.64
973,2022-06-28T14:51:00Z,112.64
974,2022-06-28T14:52:00Z,112.64
975,2022-06-28T14:53:00Z,112.64
976,2022-06-28T14:54:00Z,112.64
977,2022-06-28T14:55:00Z,112.64
978,2022-06-28T14:56:00Z,112.64
979,2022-06-28T14:57:00Z,112.64
980,2022-06-28T14:58:00Z,112.64
981,2022-06-28T14:59:00Z,112.64
982,2022-06-28T15:00:00Z,112.64
983,2022-06-28T15:01:00Z,112.64
984,2022-06-28T15:02:00Z,112.64
985,2022-06-28T15:03:00Z,112.64
986,2022-06-28T15:04:00Z,112.64
987,2022-06-28T15:05:00Z,112.64
988,2022-06-28T15:06:00Z,112.64
989,2022-06-28T15:07:00Z,112.64
990,2022-06-28T15:08:00Z,112.64
991,2022-06-28T15:09:00Z,112.64
992,2022-06-28T15:10:00Z,112.64
993,2022-06-28T15:11:00Z,112.64
994,2022-06-28T15:12:00Z,112.64
995,2022-06-28T15:13:00Z,112.64
996,2022-06-28T15:14:00Z,112.64
997,2022-06-28T15:15:00Z,112.64
998,2022-06-28T15:16:00Z,112.64
999,2022-06-28T15:17:00Z,112.64
1000,2022-06-28T15:18:00Z,112.64
