,Date,RealE_SUM
0,2022-06-27T22:38:00Z,197559231.99999997
1,2022-06-27T22:39:00Z,197627358.05257294
2,2022-06-27T22:40:00Z,197726721.19699058
3,2022-06-27T22:41:00Z,197795130.25941697
4,2022-06-27T22:42:00Z,197817515.86583963
5,2022-06-27T22:43:00Z,197823322.62691525
6,2022-06-27T22:44:00Z,197829170.45419383
7,2022-06-27T22:45:00Z,197835800.18197346
8,2022-06-27T22:46:00Z,197840944.95586014
9,2022-06-27T22:47:00Z,197846505.319719
10,2022-06-27T22:48:00Z,197852238.16162974
11,2022-06-27T22:49:00Z,197857332.0134248
12,2022-06-27T22:50:00Z,197863720.2719322
13,2022-06-27T22:51:00Z,197869829.28026047
14,2022-06-27T22:52:00Z,197875417.5691371
15,2022-06-27T22:53:00Z,197881411.5920977
16,2022-06-27T22:54:00Z,197885096.05181274
17,2022-06-27T22:55:00Z,197888862.64393342
18,2022-06-27T22:56:00Z,197892796.00659958
19,2022-06-27T22:57:00Z,197896806.4902027
20,2022-06-27T22:58:00Z,197902721.66605368
21,2022-06-27T22:59:00Z,197908176.9004335
22,2022-06-27T23:00:00Z,197913635.42010957
23,2022-06-27T23:01:00Z,197919146.50452495
24,2022-06-27T23:02:00Z,197924802.14197448
25,2022-06-27T23:03:00Z,197930676.25162268
26,2022-06-27T23:04:00Z,197936512.58036444
27,2022-06-27T23:05:00Z,197942115.65307426
28,2022-06-27T23:06:00Z,197947735.15226507
29,2022-06-27T23:07:00Z,197953129.60866475
30,2022-06-27T23:08:00Z,197958663.69015384
31,2022-06-27T23:09:00Z,197964215.84077206
32,2022-06-27T23:10:00Z,197969561.01772845
33,2022-06-27T23:11:00Z,197975262.6493249
34,2022-06-27T23:12:00Z,197981182.7531203
35,2022-06-27T23:13:00Z,197986703.69342452
36,2022-06-27T23:14:00Z,197992513.73979637
37,2022-06-27T23:15:00Z,197998328.71411276
38,2022-06-27T23:16:00Z,198003984.35156196
39,2022-06-27T23:17:00Z,198009646.7544943
40,2022-06-27T23:18:00Z,198015246.34701756
41,2022-06-27T23:19:00Z,198021018.61248282
42,2022-06-27T23:20:00Z,198026915.7192047
43,2022-06-27T23:21:00Z,198032389.02271363
44,2022-06-27T23:22:00Z,198038185.92790076
45,2022-06-27T23:23:00Z,198043848.1359424
46,2022-06-27T23:24:00Z,198049421.6409863
47,2022-06-27T23:25:00Z,198055299.03593084
48,2022-06-27T23:26:00Z,198060905.39393675
49,2022-06-27T23:27:00Z,198066585.671108
50,2022-06-27T23:28:00Z,198072155.89085552
51,2022-06-27T23:29:00Z,198077714.61206633
52,2022-06-27T23:30:00Z,198083749.70122942
53,2022-06-27T23:31:00Z,198089725.65506074
54,2022-06-27T23:32:00Z,198095271.23508653
55,2022-06-27T23:33:00Z,198100948.2269614
56,2022-06-27T23:34:00Z,198106592.36587408
57,2022-06-27T23:35:00Z,198112358.06074703
58,2022-06-27T23:36:00Z,198118534.41764772
59,2022-06-27T23:37:00Z,198124125.99182087
60,2022-06-27T23:38:00Z,198129617.97697198
61,2022-06-27T23:39:00Z,198135332.13724044
62,2022-06-27T23:40:00Z,198140943.42319074
63,2022-06-27T23:41:00Z,198146866.81228238
64,2022-06-27T23:42:00Z,198152951.1808891
65,2022-06-27T23:43:00Z,198158777.65374205
66,2022-06-27T23:44:00Z,198163988.13355312
67,2022-06-27T23:45:00Z,198169330.0252133
68,2022-06-27T23:46:00Z,198175135.14364073
69,2022-06-27T23:47:00Z,198180409.68672815
70,2022-06-27T23:48:00Z,198185751.57838818
71,2022-06-27T23:49:00Z,198191737.38810813
72,2022-06-27T23:50:00Z,198197912.10236096
73,2022-06-27T23:51:00Z,198203001.02621162
74,2022-06-27T23:52:00Z,198208415.19438863
75,2022-06-27T23:53:00Z,198213722.59043825
76,2022-06-27T23:54:00Z,198218668.6039033
77,2022-06-27T23:55:00Z,198224386.6619808
78,2022-06-27T23:56:00Z,198229546.21970057
79,2022-06-27T23:57:00Z,198232555.55104166
80,2022-06-27T23:58:00Z,198232969.4983658
81,2022-06-27T23:59:00Z,198233005.6366242
82,2022-06-28T00:00:00Z,198233799.0356622
83,2022-06-28T00:01:00Z,198238994.73164022
84,2022-06-28T00:02:00Z,198243539.938966
85,2022-06-28T00:03:00Z,198248167.27869728
86,2022-06-28T00:04:00Z,198252847.1831682
87,2022-06-28T00:05:00Z,198257530.37293538
88,2022-06-28T00:06:00Z,198262364.68632877
89,2022-06-28T00:07:00Z,198267409.25868055
90,2022-06-28T00:08:00Z,198272425.90601453
91,2022-06-28T00:09:00Z,198277235.57968605
92,2022-06-28T00:10:00Z,198282513.40806988
93,2022-06-28T00:11:00Z,198287544.8392366
94,2022-06-28T00:12:00Z,198292798.02789855
95,2022-06-28T00:13:00Z,198298085.71217102
96,2022-06-28T00:14:00Z,198303320.83170366
97,2022-06-28T00:15:00Z,198309153.87514904
98,2022-06-28T00:16:00Z,198314472.76973552
99,2022-06-28T00:17:00Z,198319908.29233786
100,2022-06-28T00:18:00Z,198325488.3679742
101,2022-06-28T00:19:00Z,198330987.14644963
102,2022-06-28T00:20:00Z,198336743.79283717
103,2022-06-28T00:21:00Z,198342148.10512552
104,2022-06-28T00:22:00Z,198347650.97630045
105,2022-06-28T00:23:00Z,198353191.62838215
106,2022-06-28T00:24:00Z,198358581.1568371
107,2022-06-28T00:25:00Z,198364353.42230266
108,2022-06-28T00:26:00Z,198369683.8154258
109,2022-06-28T00:27:00Z,198375101.26889887
110,2022-06-28T00:28:00Z,198380517.07972407
111,2022-06-28T00:29:00Z,198386299.20107797
112,2022-06-28T00:30:00Z,198391894.0605472
113,2022-06-28T00:31:00Z,198397327.94050166
114,2022-06-28T00:32:00Z,198402586.05710787
115,2022-06-28T00:33:00Z,198409140.2230744
116,2022-06-28T00:34:00Z,198415149.02986792
117,2022-06-28T00:35:00Z,198420844.09087208
118,2022-06-28T00:36:00Z,198426197.4810688
119,2022-06-28T00:37:00Z,198432222.71434337
120,2022-06-28T00:38:00Z,198438080.39751047
121,2022-06-28T00:39:00Z,198444673.98703182
122,2022-06-28T00:40:00Z,198451208.4412212
123,2022-06-28T00:41:00Z,198456591.3990839
124,2022-06-28T00:42:00Z,198462506.57493508
125,2022-06-28T00:43:00Z,198468234.48890144
126,2022-06-28T00:44:00Z,198474095.45736474
127,2022-06-28T00:45:00Z,198479721.52714798
128,2022-06-28T00:46:00Z,198485464.2249474
129,2022-06-28T00:47:00Z,198491494.3861664
130,2022-06-28T00:48:00Z,198497238.72661385
131,2022-06-28T00:49:00Z,198503365.80407125
132,2022-06-28T00:50:00Z,198508949.16500378
133,2022-06-28T00:51:00Z,198514800.27757844
134,2022-06-28T00:52:00Z,198520483.84004575
135,2022-06-28T00:53:00Z,198525925.93324053
136,2022-06-28T00:54:00Z,198531698.19870594
137,2022-06-28T00:55:00Z,198537549.31128076
138,2022-06-28T00:56:00Z,198543055.46775174
139,2022-06-28T00:57:00Z,198548610.90366632
140,2022-06-28T00:58:00Z,198554107.20424896
141,2022-06-28T00:59:00Z,198559680.5144023
142,2022-06-28T01:00:00Z,198565766.72054744
143,2022-06-28T01:01:00Z,198571110.25485548
144,2022-06-28T01:02:00Z,198577258.6867384
145,2022-06-28T01:03:00Z,198582815.76530117
146,2022-06-28T01:04:00Z,198588371.2012156
147,2022-06-28T01:05:00Z,198594784.0994449
148,2022-06-28T01:06:00Z,198600773.19446075
149,2022-06-28T01:07:00Z,198606504.39372334
150,2022-06-28T01:08:00Z,198612048.33110124
151,2022-06-28T01:09:00Z,198617738.46416083
152,2022-06-28T01:10:00Z,198623594.50468004
153,2022-06-28T01:11:00Z,198629531.03495643
154,2022-06-28T01:12:00Z,198635239.2371456
155,2022-06-28T01:13:00Z,198640779.88922697
156,2022-06-28T01:14:00Z,198646471.66493475
157,2022-06-28T01:15:00Z,198653020.90295723
158,2022-06-28T01:16:00Z,198658784.9551818
159,2022-06-28T01:17:00Z,198664709.98692164
160,2022-06-28T01:18:00Z,198670485.53768325
161,2022-06-28T01:19:00Z,198676046.8203113
162,2022-06-28T01:20:00Z,198682213.82977313
163,2022-06-28T01:21:00Z,198688872.83950132
164,2022-06-28T01:22:00Z,198694936.35482943
165,2022-06-28T01:23:00Z,198700455.65248546
166,2022-06-28T01:24:00Z,198705953.59571612
167,2022-06-28T01:25:00Z,198711282.34619126
168,2022-06-28T01:26:00Z,198716887.06154916
169,2022-06-28T01:27:00Z,198722769.38443798
170,2022-06-28T01:28:00Z,198728268.97031668
171,2022-06-28T01:29:00Z,198733740.6311776
172,2022-06-28T01:30:00Z,198739581.8878636
173,2022-06-28T01:31:00Z,198745304.8738857
174,2022-06-28T01:32:00Z,198751101.77907264
175,2022-06-28T01:33:00Z,198756828.0503908
176,2022-06-28T01:34:00Z,198762664.37913257
177,2022-06-28T01:35:00Z,198768142.61058578
178,2022-06-28T01:36:00Z,198773537.06698546
179,2022-06-28T01:37:00Z,198779577.08409297
180,2022-06-28T01:38:00Z,198785429.8393158
181,2022-06-28T01:39:00Z,198791341.72987077
182,2022-06-28T01:40:00Z,198797204.09040865
183,2022-06-28T01:41:00Z,198802797.5578033
184,2022-06-28T01:42:00Z,198808862.21463254
185,2022-06-28T01:43:00Z,198815137.1304203
186,2022-06-28T01:44:00Z,198820911.03853354
187,2022-06-28T01:45:00Z,198826857.4246989
188,2022-06-28T01:46:00Z,198832780.81379038
189,2022-06-28T01:47:00Z,198838359.2467785
190,2022-06-28T01:48:00Z,198844578.31253052
191,2022-06-28T01:49:00Z,198850227.37938744
192,2022-06-28T01:50:00Z,198856181.97879308
193,2022-06-28T01:51:00Z,198861863.89861238
194,2022-06-28T01:52:00Z,198867555.67432016
195,2022-06-28T01:53:00Z,198873574.3370023
196,2022-06-28T01:54:00Z,198879550.29083347
197,2022-06-28T01:55:00Z,198885478.60786936
198,2022-06-28T01:56:00Z,198890961.76726696
199,2022-06-28T01:57:00Z,198896832.5916191
200,2022-06-28T01:58:00Z,198902862.75283796
201,2022-06-28T01:59:00Z,198909139.31127372
202,2022-06-28T02:00:00Z,198914813.01785237
203,2022-06-28T02:01:00Z,198920619.8624526
204,2022-06-28T02:02:00Z,198926413.39881888
205,2022-06-28T02:03:00Z,198931952.40825224
206,2022-06-28T02:04:00Z,198937972.71358258
207,2022-06-28T02:05:00Z,198944094.86309558
208,2022-06-28T02:06:00Z,198949436.75475577
209,2022-06-28T02:07:00Z,198954813.142026
210,2022-06-28T02:08:00Z,198960473.70741975
211,2022-06-28T02:09:00Z,198966326.4626426
212,2022-06-28T02:10:00Z,198971927.89270428
213,2022-06-28T02:11:00Z,198977795.43176004
214,2022-06-28T02:12:00Z,198984254.32413623
215,2022-06-28T02:13:00Z,198989190.48171258
216,2022-06-28T02:14:00Z,198994593.15135276
217,2022-06-28T02:15:00Z,199000460.6904085
218,2022-06-28T02:16:00Z,199005551.2569075
219,2022-06-28T02:17:00Z,199011024.56041646
220,2022-06-28T02:18:00Z,199016826.3935478
221,2022-06-28T02:19:00Z,199021535.86568472
222,2022-06-28T02:20:00Z,199026117.21126878
223,2022-06-28T02:21:00Z,199030763.5945816
224,2022-06-28T02:22:00Z,199035582.14968982
225,2022-06-28T02:23:00Z,199040188.13499576
226,2022-06-28T02:24:00Z,199044907.4630213
227,2022-06-28T02:25:00Z,199049694.13961947
228,2022-06-28T02:26:00Z,199054469.31768093
229,2022-06-28T02:27:00Z,199059208.3574838
230,2022-06-28T02:28:00Z,199064384.34168452
231,2022-06-28T02:29:00Z,199069458.48170227
232,2022-06-28T02:30:00Z,199074448.84666649
233,2022-06-28T02:31:00Z,199079564.05288687
234,2022-06-28T02:32:00Z,199084787.67388284
235,2022-06-28T02:33:00Z,199090527.08638605
236,2022-06-28T02:34:00Z,199095824.626547
237,2022-06-28T02:35:00Z,199101209.2270579
238,2022-06-28T02:36:00Z,199106557.68931034
239,2022-06-28T02:37:00Z,199111983.35602403
240,2022-06-28T02:38:00Z,199118008.58929864
241,2022-06-28T02:39:00Z,199123890.91218746
242,2022-06-28T02:40:00Z,199129661.53500465
243,2022-06-28T02:41:00Z,199135212.04297486
244,2022-06-28T02:42:00Z,199140586.59270668
245,2022-06-28T02:43:00Z,199146099.5146608
246,2022-06-28T02:44:00Z,199152262.73037678
247,2022-06-28T02:45:00Z,199157795.16921768
248,2022-06-28T02:46:00Z,199163629.8553114
249,2022-06-28T02:47:00Z,199169339.70014846
250,2022-06-28T02:48:00Z,199175197.3833157
251,2022-06-28T02:49:00Z,199181508.43736172
252,2022-06-28T02:50:00Z,199187300.41460428
253,2022-06-28T02:51:00Z,199193167.33430105
254,2022-06-28T02:52:00Z,199199037.02399817
255,2022-06-28T02:53:00Z,199204881.67734635
256,2022-06-28T02:54:00Z,199211131.95341235
257,2022-06-28T02:55:00Z,199216996.2071719
258,2022-06-28T02:56:00Z,199222671.55639857
259,2022-06-28T02:57:00Z,199228470.1042337
260,2022-06-28T02:58:00Z,199234446.05806488
261,2022-06-28T02:59:00Z,199240149.33230966
262,2022-06-28T03:00:00Z,199245901.88599756
263,2022-06-28T03:01:00Z,199251348.90713677
264,2022-06-28T03:02:00Z,199256927.84127182
265,2022-06-28T03:03:00Z,199263074.12935978
266,2022-06-28T03:04:00Z,199269858.26606202
267,2022-06-28T03:05:00Z,199275439.98434636
268,2022-06-28T03:06:00Z,199281159.6850721
269,2022-06-28T03:07:00Z,199286649.41506228
270,2022-06-28T03:08:00Z,199292080.00972039
271,2022-06-28T03:09:00Z,199298377.92258152
272,2022-06-28T03:10:00Z,199304391.65731928
273,2022-06-28T03:11:00Z,199309730.26368308
274,2022-06-28T03:12:00Z,199315597.802739
275,2022-06-28T03:13:00Z,199322011.26646978
276,2022-06-28T03:14:00Z,199327475.9582853
277,2022-06-28T03:15:00Z,199333589.72750878
278,2022-06-28T03:16:00Z,199338992.39714894
279,2022-06-28T03:17:00Z,199344914.14359257
280,2022-06-28T03:18:00Z,199350814.53561068
281,2022-06-28T03:19:00Z,199356202.42141774
282,2022-06-28T03:20:00Z,199362590.679925
283,2022-06-28T03:21:00Z,199369115.27822575
284,2022-06-28T03:22:00Z,199374524.51845834
285,2022-06-28T03:23:00Z,199380308.53303385
286,2022-06-28T03:24:00Z,199386034.55377856
287,2022-06-28T03:25:00Z,199391578.4911565
288,2022-06-28T03:26:00Z,199397528.16261786
289,2022-06-28T03:27:00Z,199403808.00634986
290,2022-06-28T03:28:00Z,199409176.18037966
291,2022-06-28T03:29:00Z,199415385.3902427
292,2022-06-28T03:30:00Z,199420949.03939775
293,2022-06-28T03:31:00Z,199426634.24451324
294,2022-06-28T03:32:00Z,199432309.5937401
295,2022-06-28T03:33:00Z,199437731.9751574
296,2022-06-28T03:34:00Z,199443597.87156528
297,2022-06-28T03:35:00Z,199449181.2324975
298,2022-06-28T03:36:00Z,199454764.59343004
299,2022-06-28T03:37:00Z,199461092.0739573
300,2022-06-28T03:38:00Z,199467071.3130847
301,2022-06-28T03:39:00Z,199472907.64182642
302,2022-06-28T03:40:00Z,199478822.81767744
303,2022-06-28T03:41:00Z,199484411.10655424
304,2022-06-28T03:42:00Z,199489794.0644172
305,2022-06-28T03:43:00Z,199496420.5069006
306,2022-06-28T03:44:00Z,199501935.21071044
307,2022-06-28T03:45:00Z,199507700.5714852
308,2022-06-28T03:46:00Z,199512676.15261632
309,2022-06-28T03:47:00Z,199517880.0618348
310,2022-06-28T03:48:00Z,199523259.73440143
311,2022-06-28T03:49:00Z,199528764.24822456
312,2022-06-28T03:50:00Z,199534283.5458806
313,2022-06-28T03:51:00Z,199539702.642002
314,2022-06-28T03:52:00Z,199545159.51902986
315,2022-06-28T03:53:00Z,199550516.19452292
316,2022-06-28T03:54:00Z,199555936.9332922
317,2022-06-28T03:55:00Z,199561467.7294851
318,2022-06-28T03:56:00Z,199567530.7436663
319,2022-06-28T03:57:00Z,199573603.61373615
320,2022-06-28T03:58:00Z,199578470.78009176
321,2022-06-28T03:59:00Z,199583513.70979533
322,2022-06-28T04:00:00Z,199588615.774831
323,2022-06-28T04:01:00Z,199594161.3548568
324,2022-06-28T04:02:00Z,199599634.6583659
325,2022-06-28T04:03:00Z,199605618.82543766
326,2022-06-28T04:04:00Z,199610864.49689645
327,2022-06-28T04:05:00Z,199615949.43941373
328,2022-06-28T04:06:00Z,199621455.5958847
329,2022-06-28T04:07:00Z,199626651.2918629
330,2022-06-28T04:08:00Z,199631819.06282297
331,2022-06-28T04:09:00Z,199636996.68967184
332,2022-06-28T04:10:00Z,199642024.83554253
333,2022-06-28T04:11:00Z,199647417.64929402
334,2022-06-28T04:12:00Z,199652853.17189622
335,2022-06-28T04:13:00Z,199658282.12390628
336,2022-06-28T04:14:00Z,199663430.1830892
337,2022-06-28T04:15:00Z,199668438.6171824
338,2022-06-28T04:16:00Z,199673565.32193965
339,2022-06-28T04:17:00Z,199679018.91367143
340,2022-06-28T04:18:00Z,199683937.00211853
341,2022-06-28T04:19:00Z,199688897.79941645
342,2022-06-28T04:20:00Z,199693929.23058334
343,2022-06-28T04:21:00Z,199698753.6880881
344,2022-06-28T04:22:00Z,199703975.66643602
345,2022-06-28T04:23:00Z,199708897.0401793
346,2022-06-28T04:24:00Z,199713737.92416516
347,2022-06-28T04:25:00Z,199719685.20125818
348,2022-06-28T04:26:00Z,199723782.71736968
349,2022-06-28T04:27:00Z,199725771.96423328
350,2022-06-28T04:28:00Z,199725840.95545387
351,2022-06-28T04:29:00Z,199725840.95545387
352,2022-06-28T04:30:00Z,199728283.5731964
353,2022-06-28T04:31:00Z,199734758.89205354
354,2022-06-28T04:32:00Z,199739220.32432565
355,2022-06-28T04:33:00Z,199743819.73903897
356,2022-06-28T04:34:00Z,199748476.6464364
357,2022-06-28T04:35:00Z,199752893.7272093
358,2022-06-28T04:36:00Z,199757266.45648333
359,2022-06-28T04:37:00Z,199761775.52555054
360,2022-06-28T04:38:00Z,199766302.66374704
361,2022-06-28T04:39:00Z,199771082.76975274
362,2022-06-28T04:40:00Z,199775680.5418182
363,2022-06-28T04:41:00Z,199780514.85521144
364,2022-06-28T04:42:00Z,199785290.0332729
365,2022-06-28T04:43:00Z,199789958.43920717
366,2022-06-28T04:44:00Z,199794922.52180132
367,2022-06-28T04:45:00Z,199800199.45925727
368,2022-06-28T04:46:00Z,199805420.6858847
369,2022-06-28T04:47:00Z,199811100.9630558
370,2022-06-28T04:48:00Z,199816994.78448147
371,2022-06-28T04:49:00Z,199823212.20758498
372,2022-06-28T04:50:00Z,199830035.767842
373,2022-06-28T04:51:00Z,199836867.54133967
374,2022-06-28T04:52:00Z,199843705.8854296
375,2022-06-28T04:53:00Z,199850524.5177422
376,2022-06-28T04:54:00Z,199857090.1822456
377,2022-06-28T04:55:00Z,199862814.81091574
378,2022-06-28T04:56:00Z,199867895.52152592
379,2022-06-28T04:57:00Z,199872802.11143616
380,2022-06-28T04:58:00Z,199878053.65745005
381,2022-06-28T04:59:00Z,199883333.12848175
382,2022-06-28T05:00:00Z,199888234.7904479
383,2022-06-28T05:01:00Z,199893167.6627279
384,2022-06-28T05:02:00Z,199898410.9955013
385,2022-06-28T05:03:00Z,199903296.2309862
386,2022-06-28T05:04:00Z,199908252.1003399
387,2022-06-28T05:05:00Z,199913610.418481
388,2022-06-28T05:06:00Z,199918633.8312978
389,2022-06-28T05:07:00Z,199924174.28848895
390,2022-06-28T05:08:00Z,199929910.41569576
391,2022-06-28T05:09:00Z,199934723.37466383
392,2022-06-28T05:10:00Z,199939923.9985861
393,2022-06-28T05:11:00Z,199945377.59031773
394,2022-06-28T05:12:00Z,199950315.39054212
395,2022-06-28T05:13:00Z,199955575.14979666
396,2022-06-28T05:14:00Z,199961166.72396967
397,2022-06-28T05:15:00Z,199965700.4327586
398,2022-06-28T05:16:00Z,199970135.5826608
399,2022-06-28T05:17:00Z,199975254.0741776
400,2022-06-28T05:18:00Z,199981100.258808
401,2022-06-28T05:19:00Z,199987874.53962156
402,2022-06-28T05:20:00Z,199994624.18071342
403,2022-06-28T05:21:00Z,200001334.3982508
404,2022-06-28T05:22:00Z,200007134.58873397
405,2022-06-28T05:23:00Z,200012782.01294285
406,2022-06-28T05:24:00Z,200018835.17123526
407,2022-06-28T05:25:00Z,200025453.40047833
408,2022-06-28T05:26:00Z,200031249.8880428
409,2022-06-28T05:27:00Z,200036669.40178654
410,2022-06-28T05:28:00Z,200042155.84648052
411,2022-06-28T05:29:00Z,200048399.55195394
412,2022-06-28T05:30:00Z,200054395.2175626
413,2022-06-28T05:31:00Z,200060482.87146536
414,2022-06-28T05:32:00Z,200066738.0754756
415,2022-06-28T05:33:00Z,200072971.9250604
416,2022-06-28T05:34:00Z,200078821.39498687
417,2022-06-28T05:35:00Z,200084237.20581204
418,2022-06-28T05:36:00Z,200090436.5597866
419,2022-06-28T05:37:00Z,200096083.98399517
420,2022-06-28T05:38:00Z,200101958.09364352
421,2022-06-28T05:39:00Z,200108623.95968187
422,2022-06-28T05:40:00Z,200115362.10223687
423,2022-06-28T05:41:00Z,200122029.30466688
424,2022-06-28T05:42:00Z,200128608.4166115
425,2022-06-28T05:43:00Z,200134374.00376984
426,2022-06-28T05:44:00Z,200140713.0905484
427,2022-06-28T05:45:00Z,200147342.81832817
428,2022-06-28T05:46:00Z,200153932.31514987
429,2022-06-28T05:47:00Z,200160503.7150011
430,2022-06-28T05:48:00Z,200167195.86340904
431,2022-06-28T05:49:00Z,200173935.64861223
432,2022-06-28T05:50:00Z,200180660.6499825
433,2022-06-28T05:51:00Z,200187065.334971
434,2022-06-28T05:52:00Z,200193057.71528324
435,2022-06-28T05:53:00Z,200199546.17532542
436,2022-06-28T05:54:00Z,200206207.11341935
437,2022-06-28T05:55:00Z,200212974.82364047
438,2022-06-28T05:56:00Z,200219547.05873632
439,2022-06-28T05:57:00Z,200225355.46246013
440,2022-06-28T05:58:00Z,200231645.1620808
441,2022-06-28T05:59:00Z,200238228.89571348
442,2022-06-28T06:00:00Z,200244114.5038985
443,2022-06-28T06:01:00Z,200250386.13438988
444,2022-06-28T06:02:00Z,200256785.89143398
445,2022-06-28T06:03:00Z,200263184.00582987
446,2022-06-28T06:04:00Z,200269585.405522
447,2022-06-28T06:05:00Z,200275970.37873316
448,2022-06-28T06:06:00Z,200282316.1232801
449,2022-06-28T06:07:00Z,200288902.94731846
450,2022-06-28T06:08:00Z,200295641.0898736
451,2022-06-28T06:09:00Z,200302367.73389193
452,2022-06-28T06:10:00Z,200309096.0205586
453,2022-06-28T06:11:00Z,200315840.7337062
454,2022-06-28T06:12:00Z,200322572.30566874
455,2022-06-28T06:13:00Z,200329294.02174297
456,2022-06-28T06:14:00Z,200336032.16429797
457,2022-06-28T06:15:00Z,200342767.0215569
458,2022-06-28T06:16:00Z,200349495.30822325
459,2022-06-28T06:17:00Z,200355691.3769016
460,2022-06-28T06:18:00Z,200362253.75610876
461,2022-06-28T06:19:00Z,200368103.2260354
462,2022-06-28T06:20:00Z,200374346.93150884
463,2022-06-28T06:21:00Z,200380746.68855292
464,2022-06-28T06:22:00Z,200387134.94706017
465,2022-06-28T06:23:00Z,200393557.70117792
466,2022-06-28T06:24:00Z,200399957.45822185
467,2022-06-28T06:25:00Z,200406344.07408124
468,2022-06-28T06:26:00Z,200412760.25760642
469,2022-06-28T06:27:00Z,200419109.17608362
470,2022-06-28T06:28:00Z,200425441.50103068
471,2022-06-28T06:29:00Z,200431703.27563325
472,2022-06-28T06:30:00Z,200437917.4134407
473,2022-06-28T06:31:00Z,200444120.0527113
474,2022-06-28T06:32:00Z,200450312.83609343
475,2022-06-28T06:33:00Z,200456520.40330827
476,2022-06-28T06:34:00Z,200462708.25874597
477,2022-06-28T06:35:00Z,200468902.68477628
478,2022-06-28T06:36:00Z,200475090.5402138
479,2022-06-28T06:37:00Z,200481268.53976268
480,2022-06-28T06:38:00Z,200487466.25108922
481,2022-06-28T06:39:00Z,200493657.39182296
482,2022-06-28T06:40:00Z,200499996.37088692
483,2022-06-28T06:41:00Z,200506711.51636854
484,2022-06-28T06:42:00Z,200513475.10650495
485,2022-06-28T06:43:00Z,200520197.18406197
486,2022-06-28T06:44:00Z,200526863.5234057
487,2022-06-28T06:45:00Z,200533575.3835911
488,2022-06-28T06:46:00Z,200540290.5290727
489,2022-06-28T06:47:00Z,200547002.38925812
490,2022-06-28T06:48:00Z,200553672.12526384
491,2022-06-28T06:49:00Z,200560340.69192708
492,2022-06-28T06:50:00Z,200567054.19476035
493,2022-06-28T06:51:00Z,200573767.69759393
494,2022-06-28T06:52:00Z,200580481.20042738
495,2022-06-28T06:53:00Z,200587189.77531657
496,2022-06-28T06:54:00Z,200593914.77668667
497,2022-06-28T06:55:00Z,200600631.5648165
498,2022-06-28T06:56:00Z,200607341.7823537
499,2022-06-28T06:57:00Z,200614050.35724288
500,2022-06-28T06:58:00Z,200620767.14537254
501,2022-06-28T06:59:00Z,200627475.72026172
502,2022-06-28T07:00:00Z,200633911.61556423
503,2022-06-28T07:01:00Z,200639877.71350688
504,2022-06-28T07:02:00Z,200646573.14721105
505,2022-06-28T07:03:00Z,200653281.72210023
506,2022-06-28T07:04:00Z,200660000.15287805
507,2022-06-28T07:05:00Z,200666710.37041527
508,2022-06-28T07:06:00Z,200673412.37471202
509,2022-06-28T07:07:00Z,200680054.6868467
510,2022-06-28T07:08:00Z,200686727.68030727
511,2022-06-28T07:09:00Z,200693432.96990025
512,2022-06-28T07:10:00Z,200700138.2594932
513,2022-06-28T07:11:00Z,200706863.26086333
514,2022-06-28T07:12:00Z,200713573.4784007
515,2022-06-28T07:13:00Z,200720277.12534547
516,2022-06-28T07:14:00Z,200727000.48406756
517,2022-06-28T07:15:00Z,200733429.80877763
518,2022-06-28T07:16:00Z,200738988.52998862
519,2022-06-28T07:17:00Z,200744481.5452747
520,2022-06-28T07:18:00Z,200749995.91498664
521,2022-06-28T07:19:00Z,200755502.07145762
522,2022-06-28T07:20:00Z,200761734.27839452
523,2022-06-28T07:21:00Z,200767900.77940673
524,2022-06-28T07:22:00Z,200773878.37588605
525,2022-06-28T07:23:00Z,200779895.3959199
526,2022-06-28T07:24:00Z,200785891.0615285
527,2022-06-28T07:25:00Z,200791940.9345247
528,2022-06-28T07:26:00Z,200798384.61220938
529,2022-06-28T07:27:00Z,200803998.3336059
530,2022-06-28T07:28:00Z,200809377.6442331
531,2022-06-28T07:29:00Z,200814766.30960205
532,2022-06-28T07:30:00Z,200820529.58226478
533,2022-06-28T07:31:00Z,200827157.66739652
534,2022-06-28T07:32:00Z,200833150.04770893
535,2022-06-28T07:33:00Z,200838590.49825552
536,2022-06-28T07:34:00Z,200844032.59145048
537,2022-06-28T07:35:00Z,200849474.68464527
538,2022-06-28T07:36:00Z,200855102.39707667
539,2022-06-28T07:37:00Z,200861456.1599737
540,2022-06-28T07:38:00Z,200867474.822656
541,2022-06-28T07:39:00Z,200873504.9838747
542,2022-06-28T07:40:00Z,200879556.74187708
543,2022-06-28T07:41:00Z,200885556.6476081
544,2022-06-28T07:42:00Z,200891529.76160702
545,2022-06-28T07:43:00Z,200897535.28310433
546,2022-06-28T07:44:00Z,200903526.02076852
547,2022-06-28T07:45:00Z,200909547.96874693
548,2022-06-28T07:46:00Z,200915568.27407694
549,2022-06-28T07:47:00Z,200921577.08087045
550,2022-06-28T07:48:00Z,200927599.028849
551,2022-06-28T07:49:00Z,200933630.83271587
552,2022-06-28T07:50:00Z,200939664.2792311
553,2022-06-28T07:51:00Z,200946035.05328056
554,2022-06-28T07:52:00Z,200951695.03400284
555,2022-06-28T07:53:00Z,200957565.8583548
556,2022-06-28T07:54:00Z,200963558.23866722
557,2022-06-28T07:55:00Z,200969550.61897945
558,2022-06-28T07:56:00Z,200975855.10243317
559,2022-06-28T07:57:00Z,200982520.96847153
560,2022-06-28T07:58:00Z,200989214.75952765
561,2022-06-28T07:59:00Z,200995913.47852802
562,2022-06-28T08:00:00Z,201002608.9122323
563,2022-06-28T08:01:00Z,201009307.63123283
564,2022-06-28T08:02:00Z,201015986.6384559
565,2022-06-28T08:03:00Z,201022215.5600964
566,2022-06-28T08:04:00Z,201028242.43601888
567,2022-06-28T08:05:00Z,201034569.91654614
568,2022-06-28T08:06:00Z,201040908.8956101
569,2022-06-28T08:07:00Z,201047456.49098438
570,2022-06-28T08:08:00Z,201054148.63939247
571,2022-06-28T08:09:00Z,201060797.68916845
572,2022-06-28T08:10:00Z,201067452.44645086
573,2022-06-28T08:11:00Z,201074144.59485894
574,2022-06-28T08:12:00Z,201080835.10061887
575,2022-06-28T08:13:00Z,201087528.89167482
576,2022-06-28T08:14:00Z,201094221.0400829
577,2022-06-28T08:15:00Z,201100914.83113918
578,2022-06-28T08:16:00Z,201107610.2648433
579,2022-06-28T08:17:00Z,201114315.5544363
580,2022-06-28T08:18:00Z,201121001.1322518
581,2022-06-28T08:19:00Z,201127681.78212303
582,2022-06-28T08:20:00Z,201134380.50112355
583,2022-06-28T08:21:00Z,201141077.5774759
584,2022-06-28T08:22:00Z,201147761.51264334
585,2022-06-28T08:23:00Z,201154453.66105145
586,2022-06-28T08:24:00Z,201161149.0947556
587,2022-06-28T08:25:00Z,201167833.0299232
588,2022-06-28T08:26:00Z,201174515.32244232
589,2022-06-28T08:27:00Z,201181222.25468346
590,2022-06-28T08:28:00Z,201187897.9766103
591,2022-06-28T08:29:00Z,201194585.197074
592,2022-06-28T08:30:00Z,201201259.2763528
593,2022-06-28T08:31:00Z,201207185.9507408
594,2022-06-28T08:32:00Z,201213548.92917195
595,2022-06-28T08:33:00Z,201220190.79584295
596,2022-06-28T08:34:00Z,201226869.80306613
597,2022-06-28T08:35:00Z,201233542.23969677
598,2022-06-28T08:36:00Z,201240237.6734009
599,2022-06-28T08:37:00Z,201246916.68062395
600,2022-06-28T08:38:00Z,201253595.68784717
601,2022-06-28T08:39:00Z,201260291.12155148
602,2022-06-28T08:40:00Z,201266965.20083028
603,2022-06-28T08:41:00Z,201273645.8507015
604,2022-06-28T08:42:00Z,201280329.78586897
605,2022-06-28T08:43:00Z,201287003.86514777
606,2022-06-28T08:44:00Z,201293677.9444266
607,2022-06-28T08:45:00Z,201300371.73548254
608,2022-06-28T08:46:00Z,201307044.17211315
609,2022-06-28T08:47:00Z,201313719.89404014
610,2022-06-28T08:48:00Z,201320393.97331896
611,2022-06-28T08:49:00Z,201327076.26583824
612,2022-06-28T08:50:00Z,201333753.63041323
613,2022-06-28T08:51:00Z,201340426.06704402
614,2022-06-28T08:52:00Z,201347052.78794253
615,2022-06-28T08:53:00Z,201353672.38141865
616,2022-06-28T08:54:00Z,201360341.53275305
617,2022-06-28T08:55:00Z,201367027.1105687
618,2022-06-28T08:56:00Z,201373707.76043993
619,2022-06-28T08:57:00Z,201380378.55442253
620,2022-06-28T08:58:00Z,201387055.91899756
621,2022-06-28T08:59:00Z,201393744.78210926
622,2022-06-28T09:00:00Z,201400413.9334438
623,2022-06-28T09:01:00Z,201407097.86861128
624,2022-06-28T09:02:00Z,201413776.87583432
625,2022-06-28T09:03:00Z,201420452.5977613
626,2022-06-28T09:04:00Z,201427144.7461694
627,2022-06-28T09:05:00Z,201433813.8975038
628,2022-06-28T09:06:00Z,201440492.90472668
629,2022-06-28T09:07:00Z,201447178.48254234
630,2022-06-28T09:08:00Z,201453847.63387674
631,2022-06-28T09:09:00Z,201460528.28374812
632,2022-06-28T09:10:00Z,201467208.93361938
633,2022-06-28T09:11:00Z,201473883.01289818
634,2022-06-28T09:12:00Z,201480496.50908723
635,2022-06-28T09:13:00Z,201487121.11403218
636,2022-06-28T09:14:00Z,201493798.4786072
637,2022-06-28T09:15:00Z,201500472.557886
638,2022-06-28T09:16:00Z,201507136.78127602
639,2022-06-28T09:17:00Z,201513822.35909164
640,2022-06-28T09:18:00Z,201520501.36631486
641,2022-06-28T09:19:00Z,201527170.51764926
642,2022-06-28T09:20:00Z,201533841.31163183
643,2022-06-28T09:21:00Z,201540523.6041511
644,2022-06-28T09:22:00Z,201547192.75548565
645,2022-06-28T09:23:00Z,201553530.09190142
646,2022-06-28T09:24:00Z,201559708.09145045
647,2022-06-28T09:25:00Z,201566373.95748863
648,2022-06-28T09:26:00Z,201573049.67941564
649,2022-06-28T09:27:00Z,201579727.04399064
650,2022-06-28T09:28:00Z,201586392.91002882
651,2022-06-28T09:29:00Z,201593063.7040114
652,2022-06-28T09:30:00Z,201599742.71123463
653,2022-06-28T09:31:00Z,201606408.5772728
654,2022-06-28T09:32:00Z,201613014.7789906
655,2022-06-28T09:33:00Z,201619636.82251814
656,2022-06-28T09:34:00Z,201626310.90179697
657,2022-06-28T09:35:00Z,201632966.91194662
658,2022-06-28T09:36:00Z,201639639.34857723
659,2022-06-28T09:37:00Z,201646310.14255983
660,2022-06-28T09:38:00Z,201652969.43800557
661,2022-06-28T09:39:00Z,201659632.0187475
662,2022-06-28T09:40:00Z,201666309.38332254
663,2022-06-28T09:41:00Z,201672970.32141647
664,2022-06-28T09:42:00Z,201679631.2595104
665,2022-06-28T09:43:00Z,201686308.6240854
666,2022-06-28T09:44:00Z,201692971.20482737
667,2022-06-28T09:45:00Z,201699536.8693309
668,2022-06-28T09:46:00Z,201705231.93033493
669,2022-06-28T09:47:00Z,201711224.31064716
670,2022-06-28T09:48:00Z,201717443.3763989
671,2022-06-28T09:49:00Z,201723984.4011807
672,2022-06-28T09:50:00Z,201729625.25479716
673,2022-06-28T09:51:00Z,201735415.58939168
674,2022-06-28T09:52:00Z,201741420.3034854
675,2022-06-28T09:53:00Z,201747528.4765689
676,2022-06-28T09:54:00Z,201754095.78372064
677,2022-06-28T09:55:00Z,201760240.93030733
678,2022-06-28T09:56:00Z,201766179.10323188
679,2022-06-28T09:57:00Z,201772169.8408961
680,2022-06-28T09:58:00Z,201778474.32434982
681,2022-06-28T09:59:00Z,201784465.06201404
682,2022-06-28T10:00:00Z,201790930.52498254
683,2022-06-28T10:01:00Z,201797032.96271852
684,2022-06-28T10:02:00Z,201803018.77243832
685,2022-06-28T10:03:00Z,201808861.6717725
686,2022-06-28T10:04:00Z,201814313.62085596
687,2022-06-28T10:05:00Z,201821005.76926404
688,2022-06-28T10:06:00Z,201827679.84854287
689,2022-06-28T10:07:00Z,201834373.63959882
690,2022-06-28T10:08:00Z,201839713.8886108
691,2022-06-28T10:09:00Z,201843861.57509342
692,2022-06-28T10:10:00Z,201849129.5475884
693,2022-06-28T10:11:00Z,201855700.14003623
694,2022-06-28T10:12:00Z,201861767.38612422
695,2022-06-28T10:13:00Z,201867673.40212402
696,2022-06-28T10:14:00Z,201873682.20891753
697,2022-06-28T10:15:00Z,201879625.3097865
698,2022-06-28T10:16:00Z,201885611.1195063
699,2022-06-28T10:17:00Z,201891546.0071348
700,2022-06-28T10:18:00Z,201897536.74479902
701,2022-06-28T10:19:00Z,201903548.83688873
702,2022-06-28T10:20:00Z,201909493.5804057
703,2022-06-28T10:21:00Z,201915494.1739586
704,2022-06-28T10:22:00Z,201921486.554271
705,2022-06-28T10:23:00Z,201927472.3639908
706,2022-06-28T10:24:00Z,201933418.75015616
707,2022-06-28T10:25:00Z,201939424.27165326
708,2022-06-28T10:26:00Z,201945406.79607686
709,2022-06-28T10:27:00Z,201951637.36036557
710,2022-06-28T10:28:00Z,201957820.28785887
711,2022-06-28T10:29:00Z,201963791.31374562
712,2022-06-28T10:30:00Z,201969780.40876195
713,2022-06-28T10:31:00Z,201975767.86112997
714,2022-06-28T10:32:00Z,201981700.18734103
715,2022-06-28T10:33:00Z,201987644.20697922
716,2022-06-28T10:34:00Z,201993677.6534943
717,2022-06-28T10:35:00Z,202000171.0414807
718,2022-06-28T10:36:00Z,202006240.62625435
719,2022-06-28T10:37:00Z,202012804.5942524
720,2022-06-28T10:38:00Z,202019461.60486996
721,2022-06-28T10:39:00Z,202026070.6742615
722,2022-06-28T10:40:00Z,202032743.11089244
723,2022-06-28T10:41:00Z,202039408.97693062
724,2022-06-28T10:42:00Z,202046064.98708016
725,2022-06-28T10:43:00Z,202052717.71193343
726,2022-06-28T10:44:00Z,202059393.43386027
727,2022-06-28T10:45:00Z,202066057.6572504
728,2022-06-28T10:46:00Z,202072713.66739994
729,2022-06-28T10:47:00Z,202079364.74960536
730,2022-06-28T10:48:00Z,202086043.75682825
731,2022-06-28T10:49:00Z,202092709.62286675
732,2022-06-28T10:50:00Z,202099359.06242368
733,2022-06-28T10:51:00Z,202106038.06964687
734,2022-06-28T10:52:00Z,202112690.79450017
735,2022-06-28T10:53:00Z,202119361.58848274
736,2022-06-28T10:54:00Z,202125958.6581907
737,2022-06-28T10:55:00Z,202132565.19400653
738,2022-06-28T10:56:00Z,202139240.91593337
739,2022-06-28T10:57:00Z,202145898.56873107
740,2022-06-28T10:58:00Z,202152561.14947304
741,2022-06-28T10:59:00Z,202159223.73021498
742,2022-06-28T11:00:00Z,202165896.16684577
743,2022-06-28T11:01:00Z,202172553.81964332
744,2022-06-28T11:02:00Z,202179221.32832968
745,2022-06-28T11:03:00Z,202185887.19436786
746,2022-06-28T11:04:00Z,202192549.77511013
747,2022-06-28T11:05:00Z,202199222.21174073
748,2022-06-28T11:06:00Z,202205889.7204271
749,2022-06-28T11:07:00Z,202212547.37322465
750,2022-06-28T11:08:00Z,202219226.38044786
751,2022-06-28T11:09:00Z,202225885.6758936
752,2022-06-28T11:10:00Z,202232554.82722798
753,2022-06-28T11:11:00Z,202239225.62121058
754,2022-06-28T11:12:00Z,202245888.20195252
755,2022-06-28T11:13:00Z,202252494.90481737
756,2022-06-28T11:14:00Z,202258413.39380613
757,2022-06-28T11:15:00Z,202264754.01551828
758,2022-06-28T11:16:00Z,202271426.45214888
759,2022-06-28T11:17:00Z,202278085.74759462
760,2022-06-28T11:18:00Z,202284746.68568856
761,2022-06-28T11:19:00Z,202291427.3355598
762,2022-06-28T11:20:00Z,202298080.0604131
763,2022-06-28T11:21:00Z,202304745.92645127
764,2022-06-28T11:22:00Z,202311420.00573006
765,2022-06-28T11:23:00Z,202318076.01587957
766,2022-06-28T11:24:00Z,202324750.0951584
767,2022-06-28T11:25:00Z,202331419.24649295
768,2022-06-28T11:26:00Z,202338068.68604985
769,2022-06-28T11:27:00Z,202344754.2638655
770,2022-06-28T11:28:00Z,202351413.5593114
771,2022-06-28T11:29:00Z,202358082.71064594
772,2022-06-28T11:30:00Z,202364755.14727655
773,2022-06-28T11:31:00Z,202371421.01331475
774,2022-06-28T11:32:00Z,202378080.30876046
775,2022-06-28T11:33:00Z,202384767.5292243
776,2022-06-28T11:34:00Z,202391436.6805587
777,2022-06-28T11:35:00Z,202398036.3116839
778,2022-06-28T11:36:00Z,202404646.8566748
779,2022-06-28T11:37:00Z,202411320.9359536
780,2022-06-28T11:38:00Z,202417976.9461031
781,2022-06-28T11:39:00Z,202424072.8132465
782,2022-06-28T11:40:00Z,202430106.25976172
783,2022-06-28T11:41:00Z,202436341.7519947
784,2022-06-28T11:42:00Z,202442578.88687566
785,2022-06-28T11:43:00Z,202448806.165868
786,2022-06-28T11:44:00Z,202455035.08750838
787,2022-06-28T11:45:00Z,202461264.00914872
788,2022-06-28T11:46:00Z,202467502.78667808
789,2022-06-28T11:47:00Z,202473730.0656704
790,2022-06-28T11:48:00Z,202479965.5579032
791,2022-06-28T11:49:00Z,202486207.62072858
792,2022-06-28T11:50:00Z,202492439.82766533
793,2022-06-28T11:51:00Z,202498837.94206125
794,2022-06-28T11:52:00Z,202505507.09339562
795,2022-06-28T11:53:00Z,202512163.10354513
796,2022-06-28T11:54:00Z,202518743.55188176
797,2022-06-28T11:55:00Z,202525200.8016096
798,2022-06-28T11:56:00Z,202531503.41968325
799,2022-06-28T11:57:00Z,202538072.59221494
800,2022-06-28T11:58:00Z,202544746.6714936
801,2022-06-28T11:59:00Z,202551404.3242913
802,2022-06-28T12:00:00Z,202558080.04621828
803,2022-06-28T12:01:00Z,202564742.62696022
804,2022-06-28T12:02:00Z,202571410.13564658
805,2022-06-28T12:03:00Z,202577924.87805852
806,2022-06-28T12:04:00Z,202583546.0198975
807,2022-06-28T12:05:00Z,202589262.435327
808,2022-06-28T12:06:00Z,202595852.73955214
809,2022-06-28T12:07:00Z,202602510.3923497
810,2022-06-28T12:08:00Z,202609166.40249935
811,2022-06-28T12:09:00Z,202615052.0106844
812,2022-06-28T12:10:00Z,202621090.38514388
813,2022-06-28T12:11:00Z,202627207.6067128
814,2022-06-28T12:12:00Z,202633339.61211458
815,2022-06-28T12:13:00Z,202639742.6544549
816,2022-06-28T12:14:00Z,202645945.29372567
817,2022-06-28T12:15:00Z,202652407.4713979
818,2022-06-28T12:16:00Z,202658998.5273434
819,2022-06-28T12:17:00Z,202664709.26310813
820,2022-06-28T12:18:00Z,202670018.30180597
821,2022-06-28T12:19:00Z,202676045.1777286
822,2022-06-28T12:20:00Z,202682246.17435116
823,2022-06-28T12:21:00Z,202688747.7755782
824,2022-06-28T12:22:00Z,202694878.138332
825,2022-06-28T12:23:00Z,202700791.671535
826,2022-06-28T12:24:00Z,202706788.97979146
827,2022-06-28T12:25:00Z,202712648.30560693
828,2022-06-28T12:26:00Z,202717618.95879352
829,2022-06-28T12:27:00Z,202722336.64417106
830,2022-06-28T12:28:00Z,202727062.54278922
831,2022-06-28T12:29:00Z,202731776.94287023
832,2022-06-28T12:30:00Z,202736497.913544
833,2022-06-28T12:31:00Z,202741918.65231344
834,2022-06-28T12:32:00Z,202747564.43387413
835,2022-06-28T12:33:00Z,202753865.63203147
836,2022-06-28T12:34:00Z,202759918.79032385
837,2022-06-28T12:35:00Z,202766597.79754707
838,2022-06-28T12:36:00Z,202771979.11276174
839,2022-06-28T12:37:00Z,202777375.21180946
840,2022-06-28T12:38:00Z,202782489.47141942
841,2022-06-28T12:39:00Z,202787605.62425074
842,2022-06-28T12:40:00Z,202794072.72986722
843,2022-06-28T12:41:00Z,202799450.75978583
844,2022-06-28T12:42:00Z,202802458.44847873
845,2022-06-28T12:43:00Z,202805346.22385967
846,2022-06-28T12:44:00Z,202808427.83171743
847,2022-06-28T12:45:00Z,202812155.00028348
848,2022-06-28T12:46:00Z,202818311.64540702
849,2022-06-28T12:47:00Z,202823116.39113444
850,2022-06-28T12:48:00Z,202828275.94885388
851,2022-06-28T12:49:00Z,202833412.50949997
852,2022-06-28T12:50:00Z,202838429.15683395
853,2022-06-28T12:51:00Z,202843955.0250824
854,2022-06-28T12:52:00Z,202849878.41417405
855,2022-06-28T12:53:00Z,202856348.8050869
856,2022-06-28T12:54:00Z,202862815.91070375
857,2022-06-28T12:55:00Z,202869427.56935424
858,2022-06-28T12:56:00Z,202876124.64570656
859,2022-06-28T12:57:00Z,202882800.70173144
860,2022-06-28T12:58:00Z,202889499.08663392
861,2022-06-28T12:59:00Z,202896225.73065224
862,2022-06-28T13:00:00Z,202902958.945263
863,2022-06-28T13:01:00Z,202909729.2406354
864,2022-06-28T13:02:00Z,202916404.27063274
865,2022-06-28T13:03:00Z,202922861.2697873
866,2022-06-28T13:04:00Z,202928408.49246126
867,2022-06-28T13:05:00Z,202933099.89546907
868,2022-06-28T13:06:00Z,202938004.84273127
869,2022-06-28T13:07:00Z,202943345.09174308
870,2022-06-28T13:08:00Z,202948562.14214662
871,2022-06-28T13:09:00Z,202953143.4877308
872,2022-06-28T13:10:00Z,202957691.98035282
873,2022-06-28T13:11:00Z,202962463.09218687
874,2022-06-28T13:12:00Z,202967646.53927717
875,2022-06-28T13:13:00Z,202972635.15022707
876,2022-06-28T13:14:00Z,202977797.9932429
877,2022-06-28T13:15:00Z,202982771.9317257
878,2022-06-28T13:16:00Z,202987151.17590928
879,2022-06-28T13:17:00Z,202991259.49452016
880,2022-06-28T13:18:00Z,202996014.96080428
881,2022-06-28T13:19:00Z,203001003.68312016
882,2022-06-28T13:20:00Z,203005346.84472823
883,2022-06-28T13:21:00Z,203009576.6636163
884,2022-06-28T13:22:00Z,203013946.10759413
885,2022-06-28T13:23:00Z,203018322.12216422
886,2022-06-28T13:24:00Z,203022448.45422146
887,2022-06-28T13:25:00Z,203026627.35101825
888,2022-06-28T13:26:00Z,203031476.44824457
889,2022-06-28T13:27:00Z,203035594.5670612
890,2022-06-28T13:28:00Z,203039793.17563543
891,2022-06-28T13:29:00Z,203044292.38881382
892,2022-06-28T13:30:00Z,203048737.39460483
893,2022-06-28T13:31:00Z,203053735.97280952
894,2022-06-28T13:32:00Z,203058764.11868006
895,2022-06-28T13:33:00Z,203064155.2897835
896,2022-06-28T13:34:00Z,203069370.69753885
897,2022-06-28T13:35:00Z,203075831.23256308
898,2022-06-28T13:36:00Z,203081820.32757926
899,2022-06-28T13:37:00Z,203087735.50343043
900,2022-06-28T13:38:00Z,203093745.9528718
901,2022-06-28T13:39:00Z,203099610.2066315
902,2022-06-28T13:40:00Z,203105648.581091
903,2022-06-28T13:41:00Z,203111782.22914082
904,2022-06-28T13:42:00Z,203117725.33000994
905,2022-06-28T13:43:00Z,203123707.85443354
906,2022-06-28T13:44:00Z,203129621.3876365
907,2022-06-28T13:45:00Z,203135534.9208395
908,2022-06-28T13:46:00Z,203141448.45404246
909,2022-06-28T13:47:00Z,203147222.3621559
910,2022-06-28T13:48:00Z,203152651.3141658
911,2022-06-28T13:49:00Z,203159157.84333727
912,2022-06-28T13:50:00Z,203165818.7814312
913,2022-06-28T13:51:00Z,203172517.5004314
914,2022-06-28T13:52:00Z,203179170.22528484
915,2022-06-28T13:53:00Z,203185806.52365705
916,2022-06-28T13:54:00Z,203192454.32056627
917,2022-06-28T13:55:00Z,203197584.31061956
918,2022-06-28T13:56:00Z,203202883.4934289
919,2022-06-28T13:57:00Z,203208008.55553812
920,2022-06-28T13:58:00Z,203214538.08178294
921,2022-06-28T13:59:00Z,203220541.96063206
922,2022-06-28T14:00:00Z,203226498.20268604
923,2022-06-28T14:01:00Z,203232418.3064813
924,2022-06-28T14:02:00Z,203238413.97208992
925,2022-06-28T14:03:00Z,203244343.93177402
926,2022-06-28T14:04:00Z,203250342.88267887
927,2022-06-28T14:05:00Z,203256290.91149205
928,2022-06-28T14:06:00Z,203262281.64915627
929,2022-06-28T14:07:00Z,203268195.18235928
930,2022-06-28T14:08:00Z,203274179.34943104
931,2022-06-28T14:09:00Z,203280120.80765197
932,2022-06-28T14:10:00Z,203286034.34085494
933,2022-06-28T14:11:00Z,203292031.64911145
934,2022-06-28T14:12:00Z,203297959.9661475
935,2022-06-28T14:13:00Z,203303953.98910794
936,2022-06-28T14:14:00Z,203309885.5914402
937,2022-06-28T14:15:00Z,203315864.8305676
938,2022-06-28T14:16:00Z,203321811.21673277
939,2022-06-28T14:17:00Z,203327683.8229404
940,2022-06-28T14:18:00Z,203333638.28313872
941,2022-06-28T14:19:00Z,203339551.8163417
942,2022-06-28T14:20:00Z,203345465.3495447
943,2022-06-28T14:21:00Z,203351456.08720893
944,2022-06-28T14:22:00Z,203357390.9748374
945,2022-06-28T14:23:00Z,203363324.21981755
946,2022-06-28T14:24:00Z,203369316.60012996
947,2022-06-28T14:25:00Z,203375230.13333294
948,2022-06-28T14:26:00Z,203381207.72981226
949,2022-06-28T14:27:00Z,203387155.75862563
950,2022-06-28T14:28:00Z,203393069.29182845
951,2022-06-28T14:29:00Z,203399027.17653048
952,2022-06-28T14:30:00Z,203404994.91712117
953,2022-06-28T14:31:00Z,203410908.45032415
954,2022-06-28T14:32:00Z,203416899.18798837
955,2022-06-28T14:33:00Z,203422834.07561687
956,2022-06-28T14:34:00Z,203428747.6088197
957,2022-06-28T14:35:00Z,203434726.84794706
958,2022-06-28T14:36:00Z,203439730.35409617
959,2022-06-28T14:37:00Z,203445062.3898675
960,2022-06-28T14:38:00Z,203450606.32724527
961,2022-06-28T14:39:00Z,203456168.3337523
962,2022-06-28T14:40:00Z,203461668.78271717
963,2022-06-28T14:41:00Z,203467159.29226908
964,2022-06-28T14:42:00Z,203472708.1575914
965,2022-06-28T14:43:00Z,203478266.8788022
966,2022-06-28T14:44:00Z,203483812.458828
967,2022-06-28T14:45:00Z,203489359.68150195
968,2022-06-28T14:46:00Z,203494903.6188797
969,2022-06-28T14:47:00Z,203500462.3400905
970,2022-06-28T14:48:00Z,203506004.63482025
971,2022-06-28T14:49:00Z,203511540.35895753
972,2022-06-28T14:50:00Z,203517097.43752015
973,2022-06-28T14:51:00Z,203523109.5296097
974,2022-06-28T14:52:00Z,203528546.6948604
975,2022-06-28T14:53:00Z,203534918.52688637
976,2022-06-28T14:54:00Z,203541613.9605907
977,2022-06-28T14:55:00Z,203548274.89868462
978,2022-06-28T14:56:00Z,203554901.34116817
979,2022-06-28T14:57:00Z,203561365.1614886
980,2022-06-28T14:58:00Z,203565598.26567322
981,2022-06-28T14:59:00Z,203569046.18406
982,2022-06-28T15:00:00Z,203573762.22678936
983,2022-06-28T15:01:00Z,203578456.0520072
984,2022-06-28T15:02:00Z,203583834.94501194
985,2022-06-28T15:03:00Z,203588537.84655643
986,2022-06-28T15:04:00Z,203593446.07911468
987,2022-06-28T15:05:00Z,203598740.33397943
988,2022-06-28T15:06:00Z,203604000.09323397
989,2022-06-28T15:07:00Z,203609506.24970528
990,2022-06-28T15:08:00Z,203615523.2697391
991,2022-06-28T15:09:00Z,203621824.46789643
992,2022-06-28T15:10:00Z,203627757.71287674
993,2022-06-28T15:11:00Z,203633750.09318915
994,2022-06-28T15:12:00Z,203639663.62639213
995,2022-06-28T15:13:00Z,203645664.219945
996,2022-06-28T15:14:00Z,203651594.17962924
997,2022-06-28T15:15:00Z,203657601.3437744
998,2022-06-28T15:16:00Z,203663514.87697738
999,2022-06-28T15:17:00Z,203669446.47930965
1000,2022-06-28T15:18:00Z,203675440.5022701
