,Date,U_L1_N
0,2022-06-27T22:38:00Z,239.80579743961118
1,2022-06-27T22:39:00Z,238.13721673634953
2,2022-06-27T22:40:00Z,238.7283736134445
3,2022-06-27T22:41:00Z,238.39128467879132
4,2022-06-27T22:42:00Z,237.83540879201294
5,2022-06-27T22:43:00Z,238.61197447371075
6,2022-06-27T22:44:00Z,238.97516420579745
7,2022-06-27T22:45:00Z,238.90441295928704
8,2022-06-27T22:46:00Z,238.9545991768117
9,2022-06-27T22:47:00Z,238.81913412349317
10,2022-06-27T22:48:00Z,239.50551554963917
11,2022-06-27T22:49:00Z,239.32910910833994
12,2022-06-27T22:50:00Z,239.43061356333348
13,2022-06-27T22:51:00Z,239.39646429501775
14,2022-06-27T22:52:00Z,239.28137560069433
15,2022-06-27T22:53:00Z,239.1517593170873
16,2022-06-27T22:54:00Z,238.59235279467862
17,2022-06-27T22:55:00Z,238.5782025453766
18,2022-06-27T22:56:00Z,238.59791376270934
19,2022-06-27T22:57:00Z,238.40953157369574
20,2022-06-27T22:58:00Z,238.1669019656628
21,2022-06-27T22:59:00Z,238.13313003732853
22,2022-06-27T23:00:00Z,237.63711663179322
23,2022-06-27T23:01:00Z,236.94432042596364
24,2022-06-27T23:02:00Z,236.93752830629856
25,2022-06-27T23:03:00Z,237.45995551053124
26,2022-06-27T23:04:00Z,237.23279684173528
27,2022-06-27T23:05:00Z,237.1899687538477
28,2022-06-27T23:06:00Z,237.1492160358576
29,2022-06-27T23:07:00Z,236.44585431054907
30,2022-06-27T23:08:00Z,235.5798590532622
31,2022-06-27T23:09:00Z,235.54910584477906
32,2022-06-27T23:10:00Z,235.83607290062503
33,2022-06-27T23:11:00Z,235.8319221608298
34,2022-06-27T23:12:00Z,235.75702017452417
35,2022-06-27T23:13:00Z,235.6055181719966
36,2022-06-27T23:14:00Z,235.39628315231664
37,2022-06-27T23:15:00Z,235.47193981858513
38,2022-06-27T23:16:00Z,234.36463564320005
39,2022-06-27T23:17:00Z,234.17133204544612
40,2022-06-27T23:18:00Z,233.91352569544986
41,2022-06-27T23:19:00Z,234.58971894209841
42,2022-06-27T23:20:00Z,234.77914361275555
43,2022-06-27T23:21:00Z,234.81631160092223
44,2022-06-27T23:22:00Z,234.83932933978696
45,2022-06-27T23:23:00Z,235.27157228846764
46,2022-06-27T23:24:00Z,235.55174722464875
47,2022-06-27T23:25:00Z,235.83984630043895
48,2022-06-27T23:26:00Z,235.760227564366
49,2022-06-27T23:27:00Z,235.57627432343907
50,2022-06-27T23:28:00Z,235.38383093293078
51,2022-06-27T23:29:00Z,235.79437683268165
52,2022-06-27T23:30:00Z,235.8464497501133
53,2022-06-27T23:31:00Z,235.95021824499517
54,2022-06-27T23:32:00Z,235.75569948458934
55,2022-06-27T23:33:00Z,235.7566428345428
56,2022-06-27T23:34:00Z,236.15700055479616
57,2022-06-27T23:35:00Z,235.8932399078055
58,2022-06-27T23:36:00Z,235.90927685701442
59,2022-06-27T23:37:00Z,236.1943572129536
60,2022-06-27T23:38:00Z,235.7218156333791
61,2022-06-27T23:39:00Z,235.55740732436956
62,2022-06-27T23:40:00Z,235.9441808052929
63,2022-06-27T23:41:00Z,236.04323255040762
64,2022-06-27T23:42:00Z,236.24850550028302
65,2022-06-27T23:43:00Z,236.39963016282914
66,2022-06-27T23:44:00Z,236.1590759246939
67,2022-06-27T23:45:00Z,235.65174231971673
68,2022-06-27T23:46:00Z,236.12058724659212
69,2022-06-27T23:47:00Z,236.21926165172528
70,2022-06-27T23:48:00Z,236.51339816721796
71,2022-06-27T23:49:00Z,236.40566760253134
72,2022-06-27T23:50:00Z,236.61282725231365
73,2022-06-27T23:51:00Z,236.49585185808328
74,2022-06-27T23:52:00Z,236.71999180702795
75,2022-06-27T23:53:00Z,236.65810805008041
76,2022-06-27T23:54:00Z,236.9594140252192
77,2022-06-27T23:55:00Z,237.012618962595
78,2022-06-27T23:56:00Z,237.52749936719974
79,2022-06-27T23:57:00Z,237.1646869750946
80,2022-06-27T23:58:00Z,237.03975546329048
81,2022-06-27T23:59:00Z,237.0529943406035
82,2022-06-28T00:00:00Z,235.6841935581161
83,2022-06-28T00:01:00Z,235.49193883759864
84,2022-06-28T00:02:00Z,235.5021270170962
85,2022-06-28T00:03:00Z,235.8817310383732
86,2022-06-28T00:04:00Z,235.79626353258854
87,2022-06-28T00:05:00Z,235.59853738234085
88,2022-06-28T00:06:00Z,235.5094851467332
89,2022-06-28T00:07:00Z,235.87644827863366
90,2022-06-28T00:08:00Z,236.05153402999807
91,2022-06-28T00:09:00Z,236.16492469440536
92,2022-06-28T00:10:00Z,235.9839901733295
93,2022-06-28T00:11:00Z,236.25435426999456
94,2022-06-28T00:12:00Z,236.54962280543114
95,2022-06-28T00:13:00Z,236.93300022652187
96,2022-06-28T00:14:00Z,237.41354269282036
97,2022-06-28T00:15:00Z,237.14902736586689
98,2022-06-28T00:16:00Z,237.05884311031505
99,2022-06-28T00:17:00Z,237.36109243540733
100,2022-06-28T00:18:00Z,237.415618062718
101,2022-06-28T00:19:00Z,237.16446952493584
102,2022-06-28T00:20:00Z,237.06771059987767
103,2022-06-28T00:21:00Z,237.32807518703592
104,2022-06-28T00:22:00Z,237.35033824593785
105,2022-06-28T00:23:00Z,237.18374264415468
106,2022-06-28T00:24:00Z,236.82621301178895
107,2022-06-28T00:25:00Z,237.02922192177607
108,2022-06-28T00:26:00Z,236.61452528222998
109,2022-06-28T00:27:00Z,236.40000750281047
110,2022-06-28T00:28:00Z,236.55962231493785
111,2022-06-28T00:29:00Z,235.8956926176846
112,2022-06-28T00:30:00Z,236.1866217433352
113,2022-06-28T00:31:00Z,236.66414548978256
114,2022-06-28T00:32:00Z,236.98243176408388
115,2022-06-28T00:33:00Z,237.04374951105942
116,2022-06-28T00:34:00Z,237.24053231135377
117,2022-06-28T00:35:00Z,237.38844958405807
118,2022-06-28T00:36:00Z,237.35147026588191
119,2022-06-28T00:37:00Z,237.41108998294132
120,2022-06-28T00:38:00Z,237.62806047223987
121,2022-06-28T00:39:00Z,237.58964854125307
122,2022-06-28T00:40:00Z,238.24689804171723
123,2022-06-28T00:41:00Z,237.81616445296208
124,2022-06-28T00:42:00Z,237.66975654018324
125,2022-06-28T00:43:00Z,236.83508050135168
126,2022-06-28T00:44:00Z,236.90960514767582
127,2022-06-28T00:45:00Z,237.15072539578318
128,2022-06-28T00:46:00Z,237.27977566941817
129,2022-06-28T00:47:00Z,236.87319183947187
130,2022-06-28T00:48:00Z,236.94073569614054
131,2022-06-28T00:49:00Z,236.73301003638588
132,2022-06-28T00:50:00Z,236.77300807441316
133,2022-06-28T00:51:00Z,237.04167414116193
134,2022-06-28T00:52:00Z,237.04771158086425
135,2022-06-28T00:53:00Z,237.0531830105942
136,2022-06-28T00:54:00Z,237.32788651704513
137,2022-06-28T00:55:00Z,237.85616249098945
138,2022-06-28T00:56:00Z,237.24770177100018
139,2022-06-28T00:57:00Z,237.551460456018
140,2022-06-28T00:58:00Z,237.4352397417503
141,2022-06-28T00:59:00Z,237.6230335362166
142,2022-06-28T01:00:00Z,237.82691864243165
143,2022-06-28T01:01:00Z,237.59617524381255
144,2022-06-28T01:02:00Z,237.9787979849406
145,2022-06-28T01:03:00Z,237.858237860887
146,2022-06-28T01:04:00Z,237.70107575863855
147,2022-06-28T01:05:00Z,237.52221660746042
148,2022-06-28T01:06:00Z,237.23128748180972
149,2022-06-28T01:07:00Z,236.88734208877395
150,2022-06-28T01:08:00Z,237.15808352542027
151,2022-06-28T01:09:00Z,236.56169768483562
152,2022-06-28T01:10:00Z,236.46755135947902
153,2022-06-28T01:11:00Z,236.5884888235141
154,2022-06-28T01:12:00Z,236.3488779353323
155,2022-06-28T01:13:00Z,236.41981785183341
156,2022-06-28T01:14:00Z,236.5945262632163
157,2022-06-28T01:15:00Z,236.48339963869734
158,2022-06-28T01:16:00Z,236.30755920737022
159,2022-06-28T01:17:00Z,236.96167806510744
160,2022-06-28T01:18:00Z,237.64730481129067
161,2022-06-28T01:19:00Z,237.65776160569015
162,2022-06-28T01:20:00Z,237.90423622320827
163,2022-06-28T01:21:00Z,237.96858742086798
164,2022-06-28T01:22:00Z,237.98653345455912
165,2022-06-28T01:23:00Z,237.853898451101
166,2022-06-28T01:24:00Z,237.4280702821039
167,2022-06-28T01:25:00Z,237.36901657501647
168,2022-06-28T01:26:00Z,237.30317074826425
169,2022-06-28T01:27:00Z,237.3622244553516
170,2022-06-28T01:28:00Z,237.30713281806882
171,2022-06-28T01:29:00Z,237.1492160358577
172,2022-06-28T01:30:00Z,236.86073962008595
173,2022-06-28T01:31:00Z,236.72565190674888
174,2022-06-28T01:32:00Z,237.12034952728146
175,2022-06-28T01:33:00Z,236.80583665279403
176,2022-06-28T01:34:00Z,237.49165206896788
177,2022-06-28T01:35:00Z,237.41222200288558
178,2022-06-28T01:36:00Z,237.30524611816193
179,2022-06-28T01:37:00Z,237.1033692281189
180,2022-06-28T01:38:00Z,237.47127570997293
181,2022-06-28T01:39:00Z,237.0784647893472
182,2022-06-28T01:40:00Z,236.5533706228733
183,2022-06-28T01:41:00Z,236.6499952404805
184,2022-06-28T01:42:00Z,236.8907381486065
185,2022-06-28T01:43:00Z,237.5576865657109
186,2022-06-28T01:44:00Z,236.98016772419552
187,2022-06-28T01:45:00Z,236.8986622882157
188,2022-06-28T01:46:00Z,236.84621203080246
189,2022-06-28T01:47:00Z,236.8037612828963
190,2022-06-28T01:48:00Z,236.91356721748042
191,2022-06-28T01:49:00Z,237.6818314195878
192,2022-06-28T01:50:00Z,237.5352348368183
193,2022-06-28T01:51:00Z,237.78692060440443
194,2022-06-28T01:52:00Z,237.68768018929927
195,2022-06-28T01:53:00Z,237.26411606019045
196,2022-06-28T01:54:00Z,237.73862108678665
197,2022-06-28T01:55:00Z,237.48504861929348
198,2022-06-28T01:56:00Z,237.47636979972168
199,2022-06-28T01:57:00Z,237.46335157036367
200,2022-06-28T01:58:00Z,238.00294774374956
201,2022-06-28T01:59:00Z,238.30368770891633
202,2022-06-28T02:00:00Z,238.3565153063107
203,2022-06-28T02:01:00Z,237.9183180606355
204,2022-06-28T02:02:00Z,237.8057876034739
205,2022-06-28T02:03:00Z,237.73201763711242
206,2022-06-28T02:04:00Z,237.69786836879666
207,2022-06-28T02:05:00Z,238.19746650415541
208,2022-06-28T02:06:00Z,237.92087629779746
209,2022-06-28T02:07:00Z,237.34128208638455
210,2022-06-28T02:08:00Z,237.18374264415482
211,2022-06-28T02:09:00Z,237.78861863432076
212,2022-06-28T02:10:00Z,237.1778938744432
213,2022-06-28T02:11:00Z,237.12336824713256
214,2022-06-28T02:12:00Z,237.0894076488075
215,2022-06-28T02:13:00Z,237.47259639990773
216,2022-06-28T02:14:00Z,237.66296442051828
217,2022-06-28T02:15:00Z,238.16558127572802
218,2022-06-28T02:16:00Z,238.41745571330495
219,2022-06-28T02:17:00Z,237.98030734486625
220,2022-06-28T02:18:00Z,238.05049258140437
221,2022-06-28T02:19:00Z,238.62291733317105
222,2022-06-28T02:20:00Z,238.9078090191195
223,2022-06-28T02:21:00Z,238.7210928820576
224,2022-06-28T02:22:00Z,238.73517597763419
225,2022-06-28T02:23:00Z,238.00785316350758
226,2022-06-28T02:24:00Z,238.1048295387244
227,2022-06-28T02:25:00Z,238.00389109370292
228,2022-06-28T02:26:00Z,237.93785659696
229,2022-06-28T02:27:00Z,238.22105025299211
230,2022-06-28T02:28:00Z,238.11992313798
231,2022-06-28T02:29:00Z,237.8957831890351
232,2022-06-28T02:30:00Z,238.3023670189814
233,2022-06-28T02:31:00Z,238.3361389473157
234,2022-06-28T02:32:00Z,238.25746356119615
235,2022-06-28T02:33:00Z,237.90823540842092
236,2022-06-28T02:34:00Z,237.9818167047918
237,2022-06-28T02:35:00Z,237.93332851718324
238,2022-06-28T02:36:00Z,238.2440679918568
239,2022-06-28T02:37:00Z,238.0416250918419
240,2022-06-28T02:38:00Z,238.35104387658058
241,2022-06-28T02:39:00Z,238.3146305683766
242,2022-06-28T02:40:00Z,238.23916257209873
243,2022-06-28T02:41:00Z,238.46009513120188
244,2022-06-28T02:42:00Z,238.55915646970573
245,2022-06-28T02:43:00Z,238.36726949578025
246,2022-06-28T02:44:00Z,238.55178874667934
247,2022-06-28T02:45:00Z,238.6474444319613
248,2022-06-28T02:46:00Z,238.41802172327706
249,2022-06-28T02:47:00Z,238.1299226474869
250,2022-06-28T02:48:00Z,237.87974623982612
251,2022-06-28T02:49:00Z,237.48599196924715
252,2022-06-28T02:50:00Z,236.92168002708033
253,2022-06-28T02:51:00Z,237.51860713403173
254,2022-06-28T02:52:00Z,237.53112886617336
255,2022-06-28T02:53:00Z,237.2741155696973
256,2022-06-28T02:54:00Z,237.5399515865856
257,2022-06-28T02:55:00Z,237.75597872593048
258,2022-06-28T02:56:00Z,237.70881122825708
259,2022-06-28T02:57:00Z,237.7693742952699
260,2022-06-28T02:58:00Z,237.82239056265496
261,2022-06-28T02:59:00Z,237.9503088163458
262,2022-06-28T03:00:00Z,238.57065574574875
263,2022-06-28T03:01:00Z,238.142186196882
264,2022-06-28T03:02:00Z,238.30166989935478
265,2022-06-28T03:03:00Z,238.4665099108855
266,2022-06-28T03:04:00Z,238.30878179866514
267,2022-06-28T03:05:00Z,238.4448128619555
268,2022-06-28T03:06:00Z,238.61518186355255
269,2022-06-28T03:07:00Z,237.5550451858412
270,2022-06-28T03:08:00Z,237.29902000846891
271,2022-06-28T03:09:00Z,237.7244708374847
272,2022-06-28T03:10:00Z,237.70522649843383
273,2022-06-28T03:11:00Z,237.71598068790354
274,2022-06-28T03:12:00Z,237.99974035390764
275,2022-06-28T03:13:00Z,238.19299409749067
276,2022-06-28T03:14:00Z,237.86018212113007
277,2022-06-28T03:15:00Z,238.04822854151615
278,2022-06-28T03:16:00Z,238.0003063638798
279,2022-06-28T03:17:00Z,238.13916747703075
280,2022-06-28T03:18:00Z,238.3753823053801
281,2022-06-28T03:19:00Z,238.39085324461698
282,2022-06-28T03:20:00Z,238.27916061012598
283,2022-06-28T03:21:00Z,238.05030391141375
284,2022-06-28T03:22:00Z,238.13426205727276
285,2022-06-28T03:23:00Z,238.0388110309636
286,2022-06-28T03:24:00Z,238.25142612149398
287,2022-06-28T03:25:00Z,237.95427088615034
288,2022-06-28T03:26:00Z,237.59315652396134
289,2022-06-28T03:27:00Z,237.9916275443079
290,2022-06-28T03:28:00Z,237.9859674445871
291,2022-06-28T03:29:00Z,238.31217785849756
292,2022-06-28T03:30:00Z,237.73088561716824
293,2022-06-28T03:31:00Z,238.05464332119973
294,2022-06-28T03:32:00Z,237.97483591513605
295,2022-06-28T03:33:00Z,237.80824031335297
296,2022-06-28T03:34:00Z,237.77333636507453
297,2022-06-28T03:35:00Z,238.1250172277287
298,2022-06-28T03:36:00Z,238.32595076781828
299,2022-06-28T03:37:00Z,237.99106153433578
300,2022-06-28T03:38:00Z,238.79838042451678
301,2022-06-28T03:39:00Z,238.27840593016322
302,2022-06-28T03:40:00Z,238.36123205607808
303,2022-06-28T03:41:00Z,237.9746472451453
304,2022-06-28T03:42:00Z,238.25425617135437
305,2022-06-28T03:43:00Z,238.07558569016678
306,2022-06-28T03:44:00Z,238.23163815704626
307,2022-06-28T03:45:00Z,237.87257678017974
308,2022-06-28T03:46:00Z,238.2778399201912
309,2022-06-28T03:47:00Z,238.35915668618046
310,2022-06-28T03:48:00Z,238.49877247929422
311,2022-06-28T03:49:00Z,238.56839170586048
312,2022-06-28T03:50:00Z,238.7449868171502
313,2022-06-28T03:51:00Z,238.51707346839174
314,2022-06-28T03:52:00Z,238.8119646638468
315,2022-06-28T03:53:00Z,238.36368476595712
316,2022-06-28T03:54:00Z,238.08690588960837
317,2022-06-28T03:55:00Z,237.95842162594562
318,2022-06-28T03:56:00Z,237.63258855201664
319,2022-06-28T03:57:00Z,238.09350933928278
320,2022-06-28T03:58:00Z,238.2248236528061
321,2022-06-28T03:59:00Z,238.42537985291403
322,2022-06-28T04:00:00Z,239.0711972310608
323,2022-06-28T04:01:00Z,239.05478294187046
324,2022-06-28T04:02:00Z,239.25628249193193
325,2022-06-28T04:03:00Z,239.3208076287493
326,2022-06-28T04:04:00Z,239.637837169045
327,2022-06-28T04:05:00Z,239.16949429621252
328,2022-06-28T04:06:00Z,238.96082528650473
329,2022-06-28T04:07:00Z,238.72121439832284
330,2022-06-28T04:08:00Z,238.7593257364431
331,2022-06-28T04:09:00Z,238.62631339300347
332,2022-06-28T04:10:00Z,238.36443944591983
333,2022-06-28T04:11:00Z,238.38481580491487
334,2022-06-28T04:12:00Z,238.4346246824581
335,2022-06-28T04:13:00Z,238.66121734128203
336,2022-06-28T04:14:00Z,238.52160154816812
337,2022-06-28T04:15:00Z,238.76479716617317
338,2022-06-28T04:16:00Z,238.71196956877878
339,2022-06-28T04:17:00Z,238.8429065423206
340,2022-06-28T04:18:00Z,238.60593703400858
341,2022-06-28T04:19:00Z,238.47707543036435
342,2022-06-28T04:20:00Z,238.24840740164288
343,2022-06-28T04:21:00Z,237.92144230776964
344,2022-06-28T04:22:00Z,238.65216118172862
345,2022-06-28T04:23:00Z,238.4110409336213
346,2022-06-28T04:24:00Z,238.67800897045387
347,2022-06-28T04:25:00Z,238.3912721559523
348,2022-06-28T04:26:00Z,238.57291978563708
349,2022-06-28T04:27:00Z,238.85932083151113
350,2022-06-28T04:28:00Z,238.3508552065899
351,2022-06-28T04:29:00Z,238.44877493176028
352,2022-06-28T04:30:00Z,238.50480991899644
353,2022-06-28T04:31:00Z,238.63216216271508
354,2022-06-28T04:32:00Z,238.37840102523128
355,2022-06-28T04:33:00Z,238.82554890317684
356,2022-06-28T04:34:00Z,238.51273405860553
357,2022-06-28T04:35:00Z,238.33236554750178
358,2022-06-28T04:36:00Z,238.9206385784868
359,2022-06-28T04:37:00Z,239.3136381691029
360,2022-06-28T04:38:00Z,239.23647214290912
361,2022-06-28T04:39:00Z,239.19081400516097
362,2022-06-28T04:40:00Z,239.19421006499354
363,2022-06-28T04:41:00Z,238.7481942069922
364,2022-06-28T04:42:00Z,239.05591496181452
365,2022-06-28T04:43:00Z,239.37589926603215
366,2022-06-28T04:44:00Z,239.3875968054552
367,2022-06-28T04:45:00Z,239.38917651690272
368,2022-06-28T04:46:00Z,239.2585465318204
369,2022-06-28T04:47:00Z,238.96874942611385
370,2022-06-28T04:48:00Z,238.61480452357128
371,2022-06-28T04:49:00Z,238.1144517082497
372,2022-06-28T04:50:00Z,237.89295313917484
373,2022-06-28T04:51:00Z,238.28123598002372
374,2022-06-28T04:52:00Z,238.3855704848776
375,2022-06-28T04:53:00Z,238.76121243635
376,2022-06-28T04:54:00Z,238.85969817149257
377,2022-06-28T04:55:00Z,238.97497553580664
378,2022-06-28T04:56:00Z,239.1338356679713
379,2022-06-28T04:57:00Z,238.88497995024557
380,2022-06-28T04:58:00Z,238.7134789287043
381,2022-06-28T04:59:00Z,238.38745718478455
382,2022-06-28T05:00:00Z,238.75838238648967
383,2022-06-28T05:01:00Z,238.958749916607
384,2022-06-28T05:02:00Z,239.11610068884602
385,2022-06-28T05:03:00Z,239.57853083603783
386,2022-06-28T05:04:00Z,239.38080468579014
387,2022-06-28T05:05:00Z,239.30722338941942
388,2022-06-28T05:06:00Z,237.71090898272988
389,2022-06-28T05:07:00Z,237.46637029021488
390,2022-06-28T05:08:00Z,237.206383043038
391,2022-06-28T05:09:00Z,237.22675940203297
392,2022-06-28T05:10:00Z,237.21864659243315
393,2022-06-28T05:11:00Z,236.89149282856923
394,2022-06-28T05:12:00Z,236.2979370378449
395,2022-06-28T05:13:00Z,235.79173545281188
396,2022-06-28T05:14:00Z,235.2438377998357
397,2022-06-28T05:15:00Z,235.59136792269464
398,2022-06-28T05:16:00Z,235.64400685009824
399,2022-06-28T05:17:00Z,235.8330541807739
400,2022-06-28T05:18:00Z,236.25567495992925
401,2022-06-28T05:19:00Z,236.65037258046192
402,2022-06-28T05:20:00Z,237.11299139764438
403,2022-06-28T05:21:00Z,236.6973514081447
404,2022-06-28T05:22:00Z,236.30869122731434
405,2022-06-28T05:23:00Z,236.42340258165657
406,2022-06-28T05:24:00Z,236.37680109395512
407,2022-06-28T05:25:00Z,236.1575665647682
408,2022-06-28T05:26:00Z,236.12646479647182
409,2022-06-28T05:27:00Z,235.9115408969029
410,2022-06-28T05:28:00Z,235.59363196258283
411,2022-06-28T05:29:00Z,235.8545625597132
412,2022-06-28T05:30:00Z,235.350436344578
413,2022-06-28T05:31:00Z,235.68023148831162
414,2022-06-28T05:32:00Z,235.71381474665523
415,2022-06-28T05:33:00Z,235.84795911003874
416,2022-06-28T05:34:00Z,235.7198521863574
417,2022-06-28T05:35:00Z,235.16138901390224
418,2022-06-28T05:36:00Z,235.19685897215265
419,2022-06-28T05:37:00Z,234.79933130175988
420,2022-06-28T05:38:00Z,234.4880258171142
421,2022-06-28T05:39:00Z,234.47972433752363
422,2022-06-28T05:40:00Z,234.76027661368605
423,2022-06-28T05:41:00Z,234.31830277040058
424,2022-06-28T05:42:00Z,234.33539179464245
425,2022-06-28T05:43:00Z,234.38903593101293
426,2022-06-28T05:44:00Z,234.69386477696162
427,2022-06-28T05:45:00Z,234.71782586577984
428,2022-06-28T05:46:00Z,234.6508096455259
429,2022-06-28T05:47:00Z,234.32388292521006
430,2022-06-28T05:48:00Z,234.7940485420203
431,2022-06-28T05:49:00Z,234.3425612542888
432,2022-06-28T05:50:00Z,234.03899123926166
433,2022-06-28T05:51:00Z,234.4533105388264
434,2022-06-28T05:52:00Z,234.72801404527735
435,2022-06-28T05:53:00Z,234.85649830894022
436,2022-06-28T05:54:00Z,234.21577502054214
437,2022-06-28T05:55:00Z,233.78485276179646
438,2022-06-28T05:56:00Z,233.98937103170903
439,2022-06-28T05:57:00Z,233.98163556209053
440,2022-06-28T05:58:00Z,234.6325470299859
441,2022-06-28T05:59:00Z,235.14705009460934
442,2022-06-28T06:00:00Z,235.38100088307044
443,2022-06-28T06:01:00Z,235.73098371580835
444,2022-06-28T06:02:00Z,236.25756165983628
445,2022-06-28T06:03:00Z,236.09096605805323
446,2022-06-28T06:04:00Z,236.1132291169551
447,2022-06-28T06:05:00Z,235.95870839457643
448,2022-06-28T06:06:00Z,235.98716878300317
449,2022-06-28T06:07:00Z,236.01323402188706
450,2022-06-28T06:08:00Z,236.7914977335012
451,2022-06-28T06:09:00Z,236.65961741000586
452,2022-06-28T06:10:00Z,236.11605916681552
453,2022-06-28T06:11:00Z,236.13983158564304
454,2022-06-28T06:12:00Z,235.51552258643545
455,2022-06-28T06:13:00Z,235.2221407509058
456,2022-06-28T06:14:00Z,235.51495657646325
457,2022-06-28T06:15:00Z,234.98460523262162
458,2022-06-28T06:16:00Z,235.40250926200952
459,2022-06-28T06:17:00Z,234.8219717006431
460,2022-06-28T06:18:00Z,235.03101805033245
461,2022-06-28T06:19:00Z,235.044790959653
462,2022-06-28T06:20:00Z,235.43231912053918
463,2022-06-28T06:21:00Z,235.26874223860727
464,2022-06-28T06:22:00Z,235.69343838766017
465,2022-06-28T06:23:00Z,235.61797039138258
466,2022-06-28T06:24:00Z,235.4308097606137
467,2022-06-28T06:25:00Z,234.95800276393365
468,2022-06-28T06:26:00Z,234.75272981405826
469,2022-06-28T06:27:00Z,235.01286415987187
470,2022-06-28T06:28:00Z,235.24459247979834
471,2022-06-28T06:29:00Z,235.01101903131877
472,2022-06-28T06:30:00Z,234.73159877510042
473,2022-06-28T06:31:00Z,234.69197807705467
474,2022-06-28T06:32:00Z,234.67424309792943
475,2022-06-28T06:33:00Z,234.26558389808554
476,2022-06-28T06:34:00Z,233.94201486404475
477,2022-06-28T06:35:00Z,234.13313756461818
478,2022-06-28T06:36:00Z,233.9610705331049
479,2022-06-28T06:37:00Z,233.4661891475137
480,2022-06-28T06:38:00Z,233.51580935506624
481,2022-06-28T06:39:00Z,234.43217949986854
482,2022-06-28T06:40:00Z,234.29482774664316
483,2022-06-28T06:41:00Z,234.3589755434792
484,2022-06-28T06:42:00Z,234.4113051758162
485,2022-06-28T06:43:00Z,233.52358639603864
486,2022-06-28T06:44:00Z,232.57321408155738
487,2022-06-28T06:45:00Z,232.90206587533766
488,2022-06-28T06:46:00Z,232.44189976803418
489,2022-06-28T06:47:00Z,232.73754564345202
490,2022-06-28T06:48:00Z,231.78488050891454
491,2022-06-28T06:49:00Z,231.66552275632688
492,2022-06-28T06:50:00Z,231.01970537818033
493,2022-06-28T06:51:00Z,232.10418048469126
494,2022-06-28T06:52:00Z,231.97777159092598
495,2022-06-28T06:53:00Z,231.69684197478216
496,2022-06-28T06:54:00Z,233.22412554945282
497,2022-06-28T06:55:00Z,232.93527179369968
498,2022-06-28T06:56:00Z,230.51727719296122
499,2022-06-28T06:57:00Z,231.04574183689618
500,2022-06-28T06:58:00Z,230.41086731820965
501,2022-06-28T06:59:00Z,230.56293533070922
502,2022-06-28T07:00:00Z,231.47836212555816
503,2022-06-28T07:01:00Z,232.94621465315998
504,2022-06-28T07:02:00Z,233.00338166034044
505,2022-06-28T07:03:00Z,232.12078344387237
506,2022-06-28T07:04:00Z,231.0438551369891
507,2022-06-28T07:05:00Z,231.06253346606783
508,2022-06-28T07:06:00Z,231.81702475885453
509,2022-06-28T07:07:00Z,230.39633333333333
510,2022-06-28T07:08:00Z,233.79938035107992
511,2022-06-28T07:09:00Z,235.40703734178618
512,2022-06-28T07:10:00Z,235.31024963656014
513,2022-06-28T07:11:00Z,235.38571763283772
514,2022-06-28T07:12:00Z,235.1419560048607
515,2022-06-28T07:13:00Z,234.9015904367161
516,2022-06-28T07:14:00Z,234.83234855013137
517,2022-06-28T07:15:00Z,234.51255291590437
518,2022-06-28T07:16:00Z,234.19294595166824
519,2022-06-28T07:17:00Z,234.346145984112
520,2022-06-28T07:18:00Z,234.71631650585422
521,2022-06-28T07:19:00Z,234.90196777669743
522,2022-06-28T07:20:00Z,234.70839236624508
523,2022-06-28T07:21:00Z,234.56519184330813
524,2022-06-28T07:22:00Z,234.9617761637477
525,2022-06-28T07:23:00Z,236.00549855226856
526,2022-06-28T07:24:00Z,236.0234222013846
527,2022-06-28T07:25:00Z,235.57929304329014
528,2022-06-28T07:26:00Z,235.52087029813893
529,2022-06-28T07:27:00Z,235.12664175764994
530,2022-06-28T07:28:00Z,235.07799687801534
531,2022-06-28T07:29:00Z,236.8463527338465
532,2022-06-28T07:30:00Z,236.83149577152844
533,2022-06-28T07:31:00Z,236.969413534726
534,2022-06-28T07:32:00Z,236.9148879074152
535,2022-06-28T07:33:00Z,236.2537882600224
536,2022-06-28T07:34:00Z,236.10190891751347
537,2022-06-28T07:35:00Z,236.06530693931876
538,2022-06-28T07:36:00Z,236.033610380882
539,2022-06-28T07:37:00Z,235.84777044004818
540,2022-06-28T07:38:00Z,235.78966008291437
541,2022-06-28T07:39:00Z,235.84833645002018
542,2022-06-28T07:40:00Z,235.83598011210515
543,2022-06-28T07:41:00Z,235.8835601779439
544,2022-06-28T07:42:00Z,235.63702606044262
545,2022-06-28T07:43:00Z,235.47854326825944
546,2022-06-28T07:44:00Z,235.4568462193296
547,2022-06-28T07:45:00Z,235.55174722464878
548,2022-06-28T07:46:00Z,235.3215698360017
549,2022-06-28T07:47:00Z,234.87744067790717
550,2022-06-28T07:48:00Z,234.18464447207774
551,2022-06-28T07:49:00Z,234.8732899381119
552,2022-06-28T07:50:00Z,235.291759977472
553,2022-06-28T07:51:00Z,236.0257342082199
554,2022-06-28T07:52:00Z,236.53660457607316
555,2022-06-28T07:53:00Z,236.27340993905452
556,2022-06-28T07:54:00Z,236.04115718050994
557,2022-06-28T07:55:00Z,236.15907592469384
558,2022-06-28T07:56:00Z,236.23284589105532
559,2022-06-28T07:57:00Z,236.2500148602084
560,2022-06-28T07:58:00Z,236.1639813444519
561,2022-06-28T07:59:00Z,236.72885929659063
562,2022-06-28T08:00:00Z,236.7303686565162
563,2022-06-28T08:01:00Z,236.59811099303954
564,2022-06-28T08:02:00Z,236.48755037849267
565,2022-06-28T08:03:00Z,236.26095771966865
566,2022-06-28T08:04:00Z,236.4628346097117
567,2022-06-28T08:05:00Z,236.3303882762443
568,2022-06-28T08:06:00Z,236.27907003877544
569,2022-06-28T08:07:00Z,236.9037563779644
570,2022-06-28T08:08:00Z,237.02110911217616
571,2022-06-28T08:09:00Z,236.81680509462586
572,2022-06-28T08:10:00Z,236.40057351278256
573,2022-06-28T08:11:00Z,235.6717413387303
574,2022-06-28T08:12:00Z,235.65608172950277
575,2022-06-28T08:13:00Z,235.88531576819625
576,2022-06-28T08:14:00Z,235.9477655351162
577,2022-06-28T08:15:00Z,236.61188390236035
578,2022-06-28T08:16:00Z,236.40000750281047
579,2022-06-28T08:17:00Z,235.59325462260148
580,2022-06-28T08:18:00Z,236.07851383866733
581,2022-06-28T08:19:00Z,235.88041034843832
582,2022-06-28T08:20:00Z,236.09738083773678
583,2022-06-28T08:21:00Z,236.32435083654204
584,2022-06-28T08:22:00Z,235.54891717478836
585,2022-06-28T08:23:00Z,234.96290818369175
586,2022-06-28T08:24:00Z,235.2511959294728
587,2022-06-28T08:25:00Z,235.29194864746273
588,2022-06-28T08:26:00Z,235.11573087615417
589,2022-06-28T08:27:00Z,235.37892551317276
590,2022-06-28T08:28:00Z,235.28798657765813
591,2022-06-28T08:29:00Z,235.38043487309824
592,2022-06-28T08:30:00Z,236.5535848752356
593,2022-06-28T08:31:00Z,236.06096752953283
594,2022-06-28T08:32:00Z,235.93018405022062
595,2022-06-28T08:33:00Z,235.69721178747426
596,2022-06-28T08:34:00Z,235.81343250174186
597,2022-06-28T08:35:00Z,235.71607878654345
598,2022-06-28T08:36:00Z,235.52646544589578
599,2022-06-28T08:37:00Z,235.25836538911918
600,2022-06-28T08:38:00Z,235.36930334364737
601,2022-06-28T08:39:00Z,235.6764580884976
602,2022-06-28T08:40:00Z,235.75305810471954
603,2022-06-28T08:41:00Z,235.0851663376617
604,2022-06-28T08:42:00Z,235.54627579491873
605,2022-06-28T08:43:00Z,235.74324726520354
606,2022-06-28T08:44:00Z,235.27874174811407
607,2022-06-28T08:45:00Z,235.87720295859657
608,2022-06-28T08:46:00Z,235.6453275400331
609,2022-06-28T08:47:00Z,235.63740340042398
610,2022-06-28T08:48:00Z,235.9488975550604
611,2022-06-28T08:49:00Z,236.1528498150009
612,2022-06-28T08:50:00Z,236.26831584930576
613,2022-06-28T08:51:00Z,236.35151931520193
614,2022-06-28T08:52:00Z,236.51634013995394
615,2022-06-28T08:53:00Z,235.9194650365121
616,2022-06-28T08:54:00Z,236.3662355744762
617,2022-06-28T08:55:00Z,236.36057547475536
618,2022-06-28T08:56:00Z,236.4901917583623
619,2022-06-28T08:57:00Z,236.1843577034468
620,2022-06-28T08:58:00Z,236.30189910764946
621,2022-06-28T08:59:00Z,236.45717450999086
622,2022-06-28T09:00:00Z,236.6926346583773
623,2022-06-28T09:01:00Z,237.08450222904955
624,2022-06-28T09:02:00Z,237.28109635935297
625,2022-06-28T09:03:00Z,237.0241278320273
626,2022-06-28T09:04:00Z,237.38524219421623
627,2022-06-28T09:05:00Z,237.52410330736723
628,2022-06-28T09:06:00Z,237.41675008266228
629,2022-06-28T09:07:00Z,237.75239399610746
630,2022-06-28T09:08:00Z,238.0801137699434
631,2022-06-28T09:09:00Z,237.63202254204447
632,2022-06-28T09:10:00Z,237.87767086992847
633,2022-06-28T09:11:00Z,237.8422009116779
634,2022-06-28T09:12:00Z,237.8102964964719
635,2022-06-28T09:13:00Z,237.49033137903302
636,2022-06-28T09:14:00Z,236.71640707720476
637,2022-06-28T09:15:00Z,236.92809480676394
638,2022-06-28T09:16:00Z,236.83149577152838
639,2022-06-28T09:17:00Z,236.78979970358492
640,2022-06-28T09:18:00Z,236.34434985555558
641,2022-06-28T09:19:00Z,236.03153501098447
642,2022-06-28T09:20:00Z,235.74909603491497
643,2022-06-28T09:21:00Z,235.8062630420954
644,2022-06-28T09:22:00Z,236.06134486951416
645,2022-06-28T09:23:00Z,236.19775327278614
646,2022-06-28T09:24:00Z,235.92267242635387
647,2022-06-28T09:25:00Z,236.15341582497302
648,2022-06-28T09:26:00Z,235.9415394254231
649,2022-06-28T09:27:00Z,236.1664340543309
650,2022-06-28T09:28:00Z,236.32265280662577
651,2022-06-28T09:29:00Z,236.04530792030525
652,2022-06-28T09:30:00Z,236.04549659029587
653,2022-06-28T09:31:00Z,236.8341371513981
654,2022-06-28T09:32:00Z,236.2736273892134
655,2022-06-28T09:33:00Z,236.12568133634093
656,2022-06-28T09:34:00Z,235.71589011655286
657,2022-06-28T09:35:00Z,236.1164365067968
658,2022-06-28T09:36:00Z,235.79475417266306
659,2022-06-28T09:37:00Z,235.48495804794302
660,2022-06-28T09:38:00Z,235.05328110923432
661,2022-06-28T09:39:00Z,235.09573185714055
662,2022-06-28T09:40:00Z,235.5821230931505
663,2022-06-28T09:41:00Z,235.67042064879556
664,2022-06-28T09:42:00Z,235.61608369147552
665,2022-06-28T09:43:00Z,235.8585246295176
666,2022-06-28T09:44:00Z,236.4428355906981
667,2022-06-28T09:45:00Z,236.64150509089927
668,2022-06-28T09:46:00Z,235.7204181963295
669,2022-06-28T09:47:00Z,235.73607780555722
670,2022-06-28T09:48:00Z,235.23421563031016
671,2022-06-28T09:49:00Z,235.40194325203754
672,2022-06-28T09:50:00Z,235.1959156221994
673,2022-06-28T09:51:00Z,235.79135811283052
674,2022-06-28T09:52:00Z,235.7103035661505
675,2022-06-28T09:53:00Z,235.55684131439747
676,2022-06-28T09:54:00Z,235.3227018559458
677,2022-06-28T09:55:00Z,235.41798020124642
678,2022-06-28T09:56:00Z,235.0762988480991
679,2022-06-28T09:57:00Z,235.07252544828518
680,2022-06-28T09:58:00Z,235.2742136683374
681,2022-06-28T09:59:00Z,235.1489367945163
682,2022-06-28T10:00:00Z,235.84795911003883
683,2022-06-28T10:01:00Z,235.53929500526306
684,2022-06-28T10:02:00Z,235.67815611841405
685,2022-06-28T10:03:00Z,236.09719216774607
686,2022-06-28T10:04:00Z,236.23756264082263
687,2022-06-28T10:05:00Z,236.61377060226724
688,2022-06-28T10:06:00Z,236.7003701279958
689,2022-06-28T10:07:00Z,236.58339473376535
690,2022-06-28T10:08:00Z,237.0526170006222
691,2022-06-28T10:09:00Z,236.84432533089557
692,2022-06-28T10:10:00Z,236.8930021884948
693,2022-06-28T10:11:00Z,236.89356819846697
694,2022-06-28T10:12:00Z,236.87973772880997
695,2022-06-28T10:13:00Z,236.74621693573457
696,2022-06-28T10:14:00Z,236.71829377711177
697,2022-06-28T10:15:00Z,236.82715636174248
698,2022-06-28T10:16:00Z,236.17492420391207
699,2022-06-28T10:17:00Z,235.70607927703676
700,2022-06-28T10:18:00Z,235.50061765717066
701,2022-06-28T10:19:00Z,235.832488170802
702,2022-06-28T10:20:00Z,235.67249601869312
703,2022-06-28T10:21:00Z,236.8550795203652
704,2022-06-28T10:22:00Z,237.16355495515046
705,2022-06-28T10:23:00Z,237.11525543753265
706,2022-06-28T10:24:00Z,237.04903227079896
707,2022-06-28T10:25:00Z,236.92752879679185
708,2022-06-28T10:26:00Z,236.57924399397004
709,2022-06-28T10:27:00Z,236.38397055360142
710,2022-06-28T10:28:00Z,236.4251006115729
711,2022-06-28T10:29:00Z,236.58094202388645
712,2022-06-28T10:30:00Z,236.57716862407253
713,2022-06-28T10:31:00Z,236.6649001697452
714,2022-06-28T10:32:00Z,237.01462078317417
715,2022-06-28T10:33:00Z,236.77149871448762
716,2022-06-28T10:34:00Z,236.6890499285543
717,2022-06-28T10:35:00Z,237.10072784824925
718,2022-06-28T10:36:00Z,236.79678049324068
719,2022-06-28T10:37:00Z,236.99101160923445
720,2022-06-28T10:38:00Z,237.26577571654946
721,2022-06-28T10:39:00Z,237.01148694265075
722,2022-06-28T10:40:00Z,237.20110028329853
723,2022-06-28T10:41:00Z,237.01620369241815
724,2022-06-28T10:42:00Z,236.14813306523362
725,2022-06-28T10:43:00Z,235.88644778814046
726,2022-06-28T10:44:00Z,235.79154678282123
727,2022-06-28T10:45:00Z,236.3435951755929
728,2022-06-28T10:46:00Z,236.17190548406094
729,2022-06-28T10:47:00Z,236.36963163430866
730,2022-06-28T10:48:00Z,236.84149528103515
731,2022-06-28T10:49:00Z,236.8686637596952
732,2022-06-28T10:50:00Z,236.80734601271953
733,2022-06-28T10:51:00Z,236.76017851504602
734,2022-06-28T10:52:00Z,236.91394455746183
735,2022-06-28T10:53:00Z,237.09261503864934
736,2022-06-28T10:54:00Z,237.24831574791887
737,2022-06-28T10:55:00Z,237.3612811053981
738,2022-06-28T10:56:00Z,237.5037269483723
739,2022-06-28T10:57:00Z,237.615608252854
740,2022-06-28T10:58:00Z,237.08393621907743
741,2022-06-28T10:59:00Z,237.06129582019415
742,2022-06-28T11:00:00Z,237.74522453646108
743,2022-06-28T11:01:00Z,238.18690098467647
744,2022-06-28T11:02:00Z,238.16935467554194
745,2022-06-28T11:03:00Z,238.03238026229775
746,2022-06-28T11:04:00Z,238.1082255985569
747,2022-06-28T11:05:00Z,238.4151916734167
748,2022-06-28T11:06:00Z,238.4363227123744
749,2022-06-28T11:07:00Z,238.16973201552332
750,2022-06-28T11:08:00Z,238.64744443196125
751,2022-06-28T11:09:00Z,238.69668729953244
752,2022-06-28T11:10:00Z,238.8546040817437
753,2022-06-28T11:11:00Z,238.7708346058754
754,2022-06-28T11:12:00Z,238.7236671082018
755,2022-06-28T11:13:00Z,238.65681717336338
756,2022-06-28T11:14:00Z,238.47028331069941
757,2022-06-28T11:15:00Z,238.70913951891836
758,2022-06-28T11:16:00Z,238.3829291050077
759,2022-06-28T11:17:00Z,238.2065226637087
760,2022-06-28T11:18:00Z,237.67503929992276
761,2022-06-28T11:19:00Z,237.9684211354525
762,2022-06-28T11:20:00Z,237.76277084559567
763,2022-06-28T11:21:00Z,238.28897144964222
764,2022-06-28T11:22:00Z,238.17199605541157
765,2022-06-28T11:23:00Z,238.18878768458342
766,2022-06-28T11:24:00Z,238.3968906843193
767,2022-06-28T11:25:00Z,238.79441835471223
768,2022-06-28T11:26:00Z,239.22137854365357
769,2022-06-28T11:27:00Z,239.91549543941787
770,2022-06-28T11:28:00Z,239.20779430432344
771,2022-06-28T11:29:00Z,239.95870086728692
772,2022-06-28T11:30:00Z,240.43528126378078
773,2022-06-28T11:31:00Z,241.00544197565912
774,2022-06-28T11:32:00Z,241.2205257650507
775,2022-06-28T11:33:00Z,241.4169312253635
776,2022-06-28T11:34:00Z,241.82955249501188
777,2022-06-28T11:35:00Z,238.81491622997237
778,2022-06-28T11:36:00Z,238.99346519489478
779,2022-06-28T11:37:00Z,238.34028968711087
780,2022-06-28T11:38:00Z,238.57593850548807
781,2022-06-28T11:39:00Z,238.6708395108075
782,2022-06-28T11:40:00Z,238.79970111445172
783,2022-06-28T11:41:00Z,238.78007943541937
784,2022-06-28T11:42:00Z,238.8602641814645
785,2022-06-28T11:43:00Z,238.9445996673049
786,2022-06-28T11:44:00Z,238.58537200502283
787,2022-06-28T11:45:00Z,238.89856418957558
788,2022-06-28T11:46:00Z,238.47084932067145
789,2022-06-28T11:47:00Z,238.88762133011528
790,2022-06-28T11:48:00Z,239.3143928490657
791,2022-06-28T11:49:00Z,239.39495493509227
792,2022-06-28T11:50:00Z,239.4406130728403
793,2022-06-28T11:51:00Z,238.92441197830055
794,2022-06-28T11:52:00Z,239.49306333025336
795,2022-06-28T11:53:00Z,239.750031857579
796,2022-06-28T11:54:00Z,239.95322943755684
797,2022-06-28T11:55:00Z,239.5798515259728
798,2022-06-28T11:56:00Z,239.8124368553484
799,2022-06-28T11:57:00Z,240.4373566336785
800,2022-06-28T11:58:00Z,240.25264871278873
801,2022-06-28T11:59:00Z,240.09812799041012
802,2022-06-28T12:00:00Z,240.04133832321108
803,2022-06-28T12:01:00Z,240.31604182966203
804,2022-06-28T12:02:00Z,240.2694403419605
805,2022-06-28T12:03:00Z,240.3424556283592
806,2022-06-28T12:04:00Z,239.85493237240496
807,2022-06-28T12:05:00Z,239.66569637173868
808,2022-06-28T12:06:00Z,239.95228608760328
809,2022-06-28T12:07:00Z,239.96662500689612
810,2022-06-28T12:08:00Z,240.28906202099262
811,2022-06-28T12:09:00Z,240.1954817056083
812,2022-06-28T12:10:00Z,240.02209398416025
813,2022-06-28T12:11:00Z,240.03907428332283
814,2022-06-28T12:12:00Z,239.9602102272124
815,2022-06-28T12:13:00Z,240.13472996860486
816,2022-06-28T12:14:00Z,240.29377877076004
817,2022-06-28T12:15:00Z,239.81851906420098
818,2022-06-28T12:16:00Z,239.66373932030982
819,2022-06-28T12:17:00Z,240.32321128930852
820,2022-06-28T12:18:00Z,240.41603692472992
821,2022-06-28T12:19:00Z,239.9771905263749
822,2022-06-28T12:20:00Z,239.45457465215165
823,2022-06-28T12:21:00Z,239.4781584009885
824,2022-06-28T12:22:00Z,239.39778498495264
825,2022-06-28T12:23:00Z,239.33703324794905
826,2022-06-28T12:24:00Z,239.49570471012308
827,2022-06-28T12:25:00Z,239.64607469270652
828,2022-06-28T12:26:00Z,239.44136775280313
829,2022-06-28T12:27:00Z,238.91592182871946
830,2022-06-28T12:28:00Z,239.02101101353614
831,2022-06-28T12:29:00Z,239.43910371291483
832,2022-06-28T12:30:00Z,239.3119401391868
833,2022-06-28T12:31:00Z,238.90233758938936
834,2022-06-28T12:32:00Z,239.07968738064199
835,2022-06-28T12:33:00Z,239.08704551027904
836,2022-06-28T12:34:00Z,238.3074611087301
837,2022-06-28T12:35:00Z,238.21803153314113
838,2022-06-28T12:36:00Z,238.2897261296049
839,2022-06-28T12:37:00Z,238.24312464190336
840,2022-06-28T12:38:00Z,237.97146543767516
841,2022-06-28T12:39:00Z,237.3022273983109
842,2022-06-28T12:40:00Z,237.27260620977182
843,2022-06-28T12:41:00Z,237.5169338477209
844,2022-06-28T12:42:00Z,238.11709308811965
845,2022-06-28T12:43:00Z,238.0963393891432
846,2022-06-28T12:44:00Z,238.16143053593274
847,2022-06-28T12:45:00Z,238.29991430910232
848,2022-06-28T12:46:00Z,237.82182455268287
849,2022-06-28T12:47:00Z,237.86446397057983
850,2022-06-28T12:48:00Z,237.74673389638667
851,2022-06-28T12:49:00Z,238.18161822493704
852,2022-06-28T12:50:00Z,238.50084784919184
853,2022-06-28T12:51:00Z,238.6465010820078
854,2022-06-28T12:52:00Z,238.59008875479017
855,2022-06-28T12:53:00Z,238.55556214649317
856,2022-06-28T12:54:00Z,238.49065966969434
857,2022-06-28T12:55:00Z,238.074265000232
858,2022-06-28T12:56:00Z,237.9397432968669
859,2022-06-28T12:57:00Z,237.58024701968284
860,2022-06-28T12:58:00Z,237.52844271715335
861,2022-06-28T12:59:00Z,237.23826827146533
862,2022-06-28T13:00:00Z,236.93771697628932
863,2022-06-28T13:01:00Z,237.03053951876018
864,2022-06-28T13:02:00Z,237.62476034630092
865,2022-06-28T13:03:00Z,237.39278899384408
866,2022-06-28T13:04:00Z,237.4159954026994
867,2022-06-28T13:05:00Z,237.75597872593048
868,2022-06-28T13:06:00Z,238.20765468365292
869,2022-06-28T13:07:00Z,238.3229320479671
870,2022-06-28T13:08:00Z,238.16237388588618
871,2022-06-28T13:09:00Z,238.07351032026924
872,2022-06-28T13:10:00Z,238.19991921403445
873,2022-06-28T13:11:00Z,237.9946122417017
874,2022-06-28T13:12:00Z,237.92100420965548
875,2022-06-28T13:13:00Z,237.84616298148248
876,2022-06-28T13:14:00Z,237.76352552555844
877,2022-06-28T13:15:00Z,237.7589974457817
878,2022-06-28T13:16:00Z,237.64010976927267
879,2022-06-28T13:17:00Z,237.6735299399972
880,2022-06-28T13:18:00Z,237.40637323317404
881,2022-06-28T13:19:00Z,237.2778889695112
882,2022-06-28T13:20:00Z,237.20883575291705
883,2022-06-28T13:21:00Z,236.4098183423265
884,2022-06-28T13:22:00Z,236.0247428913195
885,2022-06-28T13:23:00Z,236.6730129793452
886,2022-06-28T13:24:00Z,236.6499952404804
887,2022-06-28T13:25:00Z,236.73697210619062
888,2022-06-28T13:26:00Z,236.71470904728858
889,2022-06-28T13:27:00Z,236.77583812427363
890,2022-06-28T13:28:00Z,236.5616976848355
891,2022-06-28T13:29:00Z,236.68244647887985
892,2022-06-28T13:30:00Z,237.08921897881675
893,2022-06-28T13:31:00Z,237.04752291087345
894,2022-06-28T13:32:00Z,237.09997316828648
895,2022-06-28T13:33:00Z,236.73319870637658
896,2022-06-28T13:34:00Z,236.98469580397222
897,2022-06-28T13:35:00Z,237.31052887790142
898,2022-06-28T13:36:00Z,237.3654318451933
899,2022-06-28T13:37:00Z,237.34015006644032
900,2022-06-28T13:38:00Z,237.53334813691123
901,2022-06-28T13:39:00Z,237.56451386113685
902,2022-06-28T13:40:00Z,237.1520460857182
903,2022-06-28T13:41:00Z,237.6544742709372
904,2022-06-28T13:42:00Z,237.2876998090273
905,2022-06-28T13:43:00Z,237.20959043287988
906,2022-06-28T13:44:00Z,236.88488937889497
907,2022-06-28T13:45:00Z,236.50717205752485
908,2022-06-28T13:46:00Z,236.79640315325935
909,2022-06-28T13:47:00Z,236.36227350467155
910,2022-06-28T13:48:00Z,236.89885095820625
911,2022-06-28T13:49:00Z,236.48811638846473
912,2022-06-28T13:50:00Z,236.18115031360503
913,2022-06-28T13:51:00Z,236.07719314873242
914,2022-06-28T13:52:00Z,235.96908524406462
915,2022-06-28T13:53:00Z,236.2156769219021
916,2022-06-28T13:54:00Z,236.55622625510532
917,2022-06-28T13:55:00Z,236.65622135017333
918,2022-06-28T13:56:00Z,236.63490164122499
919,2022-06-28T13:57:00Z,236.54471738567307
920,2022-06-28T13:58:00Z,237.01959975225057
921,2022-06-28T13:59:00Z,236.99466653331095
922,2022-06-28T14:00:00Z,236.8941342084389
923,2022-06-28T14:01:00Z,236.57547059415617
924,2022-06-28T14:02:00Z,236.53037846638026
925,2022-06-28T14:03:00Z,236.3888759733595
926,2022-06-28T14:04:00Z,236.09077738806252
927,2022-06-28T14:05:00Z,236.40510159255922
928,2022-06-28T14:06:00Z,236.0111586519894
929,2022-06-28T14:07:00Z,235.56269008410908
930,2022-06-28T14:08:00Z,236.22190303159508
931,2022-06-28T14:09:00Z,236.29586166794724
932,2022-06-28T14:10:00Z,236.3690656243366
933,2022-06-28T14:11:00Z,236.59565828316056
934,2022-06-28T14:12:00Z,236.85224947050486
935,2022-06-28T14:13:00Z,237.14789534592282
936,2022-06-28T14:14:00Z,237.05167365066873
937,2022-06-28T14:15:00Z,237.28902049896215
938,2022-06-28T14:16:00Z,237.1339337666114
939,2022-06-28T14:17:00Z,237.11650257814924
940,2022-06-28T14:18:00Z,237.16808303492707
941,2022-06-28T14:19:00Z,237.12242489717912
942,2022-06-28T14:20:00Z,237.13261307667656
943,2022-06-28T14:21:00Z,236.89224750853202
944,2022-06-28T14:22:00Z,236.64848588055492
945,2022-06-28T14:23:00Z,236.23907200074817
946,2022-06-28T14:24:00Z,236.87451252940673
947,2022-06-28T14:25:00Z,236.97280959455853
948,2022-06-28T14:26:00Z,237.03148596166437
949,2022-06-28T14:27:00Z,237.2443057111676
950,2022-06-28T14:28:00Z,237.271851529809
951,2022-06-28T14:29:00Z,237.3941096837788
952,2022-06-28T14:30:00Z,237.4073165831276
953,2022-06-28T14:31:00Z,236.97563964441892
954,2022-06-28T14:32:00Z,237.48750132917255
955,2022-06-28T14:33:00Z,237.01167561264148
956,2022-06-28T14:34:00Z,236.8022519229707
957,2022-06-28T14:35:00Z,236.9518672255914
958,2022-06-28T14:36:00Z,237.06808793985917
959,2022-06-28T14:37:00Z,237.36920524500727
960,2022-06-28T14:38:00Z,237.62390973244462
961,2022-06-28T14:39:00Z,237.63315456198862
962,2022-06-28T14:40:00Z,237.91198642365964
963,2022-06-28T14:41:00Z,237.6640964404626
964,2022-06-28T14:42:00Z,237.741451136647
965,2022-06-28T14:43:00Z,237.4110899829415
966,2022-06-28T14:44:00Z,237.61447623290994
967,2022-06-28T14:45:00Z,237.5957979038312
968,2022-06-28T14:46:00Z,237.6146649029005
969,2022-06-28T14:47:00Z,237.59202450401733
970,2022-06-28T14:48:00Z,237.34731952608672
971,2022-06-28T14:49:00Z,236.52981245640825
972,2022-06-28T14:50:00Z,236.13926557567095
973,2022-06-28T14:51:00Z,236.74451890581832
974,2022-06-28T14:52:00Z,236.66339080981976
975,2022-06-28T14:53:00Z,236.81225143247758
976,2022-06-28T14:54:00Z,237.256380590572
977,2022-06-28T14:55:00Z,237.74654522639588
978,2022-06-28T14:56:00Z,237.51825453765585
979,2022-06-28T14:57:00Z,237.5441023263808
980,2022-06-28T14:58:00Z,237.50316093840019
981,2022-06-28T14:59:00Z,237.44938999105236
982,2022-06-28T15:00:00Z,237.59372253393352
983,2022-06-28T15:01:00Z,237.16082403698007
984,2022-06-28T15:02:00Z,236.9790357042514
985,2022-06-28T15:03:00Z,237.14581997602522
986,2022-06-28T15:04:00Z,236.80678000274747
987,2022-06-28T15:05:00Z,237.55844124567366
988,2022-06-28T15:06:00Z,237.43750378163864
989,2022-06-28T15:07:00Z,237.4475032911453
990,2022-06-28T15:08:00Z,237.28298305925998
991,2022-06-28T15:09:00Z,237.52542399730214
992,2022-06-28T15:10:00Z,237.519952567572
993,2022-06-28T15:11:00Z,237.48184122945173
994,2022-06-28T15:12:00Z,237.37354465479316
995,2022-06-28T15:13:00Z,237.18487466409897
996,2022-06-28T15:14:00Z,237.46561561025197
997,2022-06-28T15:15:00Z,237.6431540714954
998,2022-06-28T15:16:00Z,237.83955953180825
999,2022-06-28T15:17:00Z,237.76654424540953
1000,2022-06-28T15:18:00Z,237.86314328064506
