,Date,H_TDH_I_L3_N
0,2022-06-27T22:38:00Z,62.47051522648632
1,2022-06-27T22:39:00Z,59.758131771312044
2,2022-06-27T22:40:00Z,59.11776436569028
3,2022-06-27T22:41:00Z,57.82772664112008
4,2022-06-27T22:42:00Z,56.235185413755595
5,2022-06-27T22:43:00Z,58.441554455829824
6,2022-06-27T22:44:00Z,55.80515909796615
7,2022-06-27T22:45:00Z,56.57599289706565
8,2022-06-27T22:46:00Z,66.5196643378357
9,2022-06-27T22:47:00Z,58.92062998757955
10,2022-06-27T22:48:00Z,64.55262164260205
11,2022-06-27T22:49:00Z,59.47391360037258
12,2022-06-27T22:50:00Z,55.959706412047794
13,2022-06-27T22:51:00Z,67.68712024530349
14,2022-06-27T22:52:00Z,55.75610988200588
15,2022-06-27T22:53:00Z,74.63012133209128
16,2022-06-27T22:54:00Z,82.07989384412356
17,2022-06-27T22:55:00Z,84.27082929669305
18,2022-06-27T22:56:00Z,79.66764566311154
19,2022-06-27T22:57:00Z,71.89668463747863
20,2022-06-27T22:58:00Z,56.24575636547115
21,2022-06-27T22:59:00Z,63.081779420897355
22,2022-06-27T23:00:00Z,62.11453733892252
23,2022-06-27T23:01:00Z,58.074531012265126
24,2022-06-27T23:02:00Z,57.87727705325258
25,2022-06-27T23:03:00Z,58.35339271852192
26,2022-06-27T23:04:00Z,59.438183783573955
27,2022-06-27T23:05:00Z,56.680433900015494
28,2022-06-27T23:06:00Z,59.2085827123117
29,2022-06-27T23:07:00Z,60.162716814159246
30,2022-06-27T23:08:00Z,56.569861745070625
31,2022-06-27T23:09:00Z,54.39013150131964
32,2022-06-27T23:10:00Z,56.05611349169378
33,2022-06-27T23:11:00Z,55.79712517466231
34,2022-06-27T23:12:00Z,55.1248126455519
35,2022-06-27T23:13:00Z,54.114229661543206
36,2022-06-27T23:14:00Z,53.17785475857784
37,2022-06-27T23:15:00Z,57.17811430678462
38,2022-06-27T23:16:00Z,54.29203306939913
39,2022-06-27T23:17:00Z,54.27414128569885
40,2022-06-27T23:18:00Z,58.23795792578788
41,2022-06-27T23:19:00Z,54.71296836671321
42,2022-06-27T23:20:00Z,56.24808197484861
43,2022-06-27T23:21:00Z,55.49881291724885
44,2022-06-27T23:22:00Z,56.31066200900481
45,2022-06-27T23:23:00Z,56.58360398230087
46,2022-06-27T23:24:00Z,53.086521735755284
47,2022-06-27T23:25:00Z,54.867938518863504
48,2022-06-27T23:26:00Z,54.270256908865065
49,2022-06-27T23:27:00Z,56.77366969414685
50,2022-06-27T23:28:00Z,54.65736516068932
51,2022-06-27T23:29:00Z,55.89078380686226
52,2022-06-27T23:30:00Z,54.697746196242775
53,2022-06-27T23:31:00Z,57.3897447601304
54,2022-06-27T23:32:00Z,56.02186360813537
55,2022-06-27T23:33:00Z,57.96099899083989
56,2022-06-27T23:34:00Z,59.860387595093904
57,2022-06-27T23:35:00Z,53.57215125756869
58,2022-06-27T23:36:00Z,56.762041647259714
59,2022-06-27T23:37:00Z,56.388675632665716
60,2022-06-27T23:38:00Z,57.586683382278224
61,2022-06-27T23:39:00Z,55.56667842726282
62,2022-06-27T23:40:00Z,55.374921363142356
63,2022-06-27T23:41:00Z,53.044449347927305
64,2022-06-27T23:42:00Z,57.706450473528925
65,2022-06-27T23:43:00Z,56.972403586399615
66,2022-06-27T23:44:00Z,58.682572154944864
67,2022-06-27T23:45:00Z,58.32315979661542
68,2022-06-27T23:46:00Z,58.10159264865702
69,2022-06-27T23:47:00Z,61.11473672566371
70,2022-06-27T23:48:00Z,62.94731691507528
71,2022-06-27T23:49:00Z,52.77594717435176
72,2022-06-27T23:50:00Z,66.46659816022354
73,2022-06-27T23:51:00Z,57.84852406458622
74,2022-06-27T23:52:00Z,60.78365451793199
75,2022-06-27T23:53:00Z,69.04950450240645
76,2022-06-27T23:54:00Z,64.7213340319826
77,2022-06-27T23:55:00Z,53.87744034311438
78,2022-06-27T23:56:00Z,75.17621669771769
79,2022-06-27T23:57:00Z,83.58477453035238
80,2022-06-27T23:58:00Z,48.723639126596275
81,2022-06-27T23:59:00Z,59.78829370439368
82,2022-06-28T00:00:00Z,73.45146021580493
83,2022-06-28T00:01:00Z,64.67334191119386
84,2022-06-28T00:02:00Z,62.15449553640736
85,2022-06-28T00:03:00Z,66.22473478497126
86,2022-06-28T00:04:00Z,67.90319049836978
87,2022-06-28T00:05:00Z,62.41454094861043
88,2022-06-28T00:06:00Z,61.98134334730629
89,2022-06-28T00:07:00Z,64.2746056124825
90,2022-06-28T00:08:00Z,62.79424953423377
91,2022-06-28T00:09:00Z,65.1207045877969
92,2022-06-28T00:10:00Z,60.92361391864613
93,2022-06-28T00:11:00Z,64.97947667287686
94,2022-06-28T00:12:00Z,62.16316371681412
95,2022-06-28T00:13:00Z,57.90708713709048
96,2022-06-28T00:14:00Z,60.93524196553326
97,2022-06-28T00:15:00Z,58.15508166433779
98,2022-06-28T00:16:00Z,59.55953830926871
99,2022-06-28T00:17:00Z,57.02589260208039
100,2022-06-28T00:18:00Z,59.92529323862755
101,2022-06-28T00:19:00Z,57.01757200889951
102,2022-06-28T00:20:00Z,56.643435569011004
103,2022-06-28T00:21:00Z,58.84557623039897
104,2022-06-28T00:22:00Z,59.07433162552397
105,2022-06-28T00:23:00Z,60.51092396367021
106,2022-06-28T00:24:00Z,57.17388592609841
107,2022-06-28T00:25:00Z,62.79065541065049
108,2022-06-28T00:26:00Z,60.72826273094238
109,2022-06-28T00:27:00Z,58.63288868188167
110,2022-06-28T00:28:00Z,63.74309816022357
111,2022-06-28T00:29:00Z,55.17957017543856
112,2022-06-28T00:30:00Z,62.489594705791
113,2022-06-28T00:31:00Z,60.564624398385334
114,2022-06-28T00:32:00Z,57.85296386430676
115,2022-06-28T00:33:00Z,51.43914462040054
116,2022-06-28T00:34:00Z,61.13017031516844
117,2022-06-28T00:35:00Z,57.988906303369006
118,2022-06-28T00:36:00Z,56.495230825958664
119,2022-06-28T00:37:00Z,57.24301995031825
120,2022-06-28T00:38:00Z,53.26390230554259
121,2022-06-28T00:39:00Z,51.810643697420375
122,2022-06-28T00:40:00Z,57.49693421052626
123,2022-06-28T00:41:00Z,57.77283605030269
124,2022-06-28T00:42:00Z,56.640264283496315
125,2022-06-28T00:43:00Z,58.421681066604556
126,2022-06-28T00:44:00Z,56.58635242974691
127,2022-06-28T00:45:00Z,58.096095753764935
128,2022-06-28T00:46:00Z,61.42087148734664
129,2022-06-28T00:47:00Z,55.149971510634984
130,2022-06-28T00:48:00Z,61.1111426020804
131,2022-06-28T00:49:00Z,57.88467671945346
132,2022-06-28T00:50:00Z,59.437338107436716
133,2022-06-28T00:51:00Z,60.74813612016766
134,2022-06-28T00:52:00Z,59.8756097655643
135,2022-06-28T00:53:00Z,59.42528722248097
136,2022-06-28T00:54:00Z,60.151723024375045
137,2022-06-28T00:55:00Z,63.47417314857939
138,2022-06-28T00:56:00Z,59.32190331470264
139,2022-06-28T00:57:00Z,62.12616538580964
140,2022-06-28T00:58:00Z,62.82152258965998
141,2022-06-28T00:59:00Z,55.40763397948523
142,2022-06-28T01:00:00Z,61.90734668529729
143,2022-06-28T01:01:00Z,59.164607553174974
144,2022-06-28T01:02:00Z,60.40225458003415
145,2022-06-28T01:03:00Z,60.41536256016142
146,2022-06-28T01:04:00Z,62.033775267815535
147,2022-06-28T01:05:00Z,53.82564267970808
148,2022-06-28T01:06:00Z,66.13593879056043
149,2022-06-28T01:07:00Z,59.665459245458756
150,2022-06-28T01:08:00Z,59.53480228225428
151,2022-06-28T01:09:00Z,62.26126214873465
152,2022-06-28T01:10:00Z,57.44957634684053
153,2022-06-28T01:11:00Z,60.04833911659677
154,2022-06-28T01:12:00Z,58.4595250737463
155,2022-06-28T01:13:00Z,63.86360700978108
156,2022-06-28T01:14:00Z,55.49331602235675
157,2022-06-28T01:15:00Z,58.30265215028719
158,2022-06-28T01:16:00Z,55.499024336283156
159,2022-06-28T01:17:00Z,61.50459342493397
160,2022-06-28T01:18:00Z,58.806252290017035
161,2022-06-28T01:19:00Z,55.78238317623589
162,2022-06-28T01:20:00Z,55.26800225183949
163,2022-06-28T01:21:00Z,52.24795859483341
164,2022-06-28T01:22:00Z,62.715178815401316
165,2022-06-28T01:23:00Z,61.84476665114109
166,2022-06-28T01:24:00Z,59.468416705480486
167,2022-06-28T01:25:00Z,64.40420548051542
168,2022-06-28T01:26:00Z,59.8324802825648
169,2022-06-28T01:27:00Z,61.98980010867875
170,2022-06-28T01:28:00Z,59.91155100139728
171,2022-06-28T01:29:00Z,62.18113433473061
172,2022-06-28T01:30:00Z,62.84647003570871
173,2022-06-28T01:31:00Z,58.775173691973244
174,2022-06-28T01:32:00Z,60.22635394348699
175,2022-06-28T01:33:00Z,61.49444531128704
176,2022-06-28T01:34:00Z,60.46948583294517
177,2022-06-28T01:35:00Z,60.83312657196086
178,2022-06-28T01:36:00Z,61.69529339388289
179,2022-06-28T01:37:00Z,55.41022834187233
180,2022-06-28T01:38:00Z,59.54537323396982
181,2022-06-28T01:39:00Z,59.577720346219536
182,2022-06-28T01:40:00Z,56.294088906738835
183,2022-06-28T01:41:00Z,58.536058764167045
184,2022-06-28T01:42:00Z,57.215112637789105
185,2022-06-28T01:43:00Z,60.20626913522742
186,2022-06-28T01:44:00Z,56.693753299177125
187,2022-06-28T01:45:00Z,60.9272080422294
188,2022-06-28T01:46:00Z,64.70632328054644
189,2022-06-28T01:47:00Z,57.913006870051234
190,2022-06-28T01:48:00Z,60.26546646483463
191,2022-06-28T01:49:00Z,61.80734548206799
192,2022-06-28T01:50:00Z,60.1242385499146
193,2022-06-28T01:51:00Z,62.26464485328361
194,2022-06-28T01:52:00Z,62.82405961807172
195,2022-06-28T01:53:00Z,57.79693782021422
196,2022-06-28T01:54:00Z,59.76757463903115
197,2022-06-28T01:55:00Z,61.770558570097776
198,2022-06-28T01:56:00Z,58.91090471200121
199,2022-06-28T01:57:00Z,60.90944884334729
200,2022-06-28T01:58:00Z,58.50371165191738
201,2022-06-28T01:59:00Z,57.15506963204468
202,2022-06-28T02:00:00Z,60.370753143921725
203,2022-06-28T02:01:00Z,58.82294722698073
204,2022-06-28T02:02:00Z,64.07460320602388
205,2022-06-28T02:03:00Z,59.28553924080111
206,2022-06-28T02:04:00Z,54.78569651451633
207,2022-06-28T02:05:00Z,67.6541388759509
208,2022-06-28T02:06:00Z,62.04519189566834
209,2022-06-28T02:07:00Z,63.0196222248098
210,2022-06-28T02:08:00Z,62.77078202142521
211,2022-06-28T02:09:00Z,57.06141099984471
212,2022-06-28T02:10:00Z,62.508622418879035
213,2022-06-28T02:11:00Z,58.16501835895044
214,2022-06-28T02:12:00Z,61.43715075298862
215,2022-06-28T02:13:00Z,67.15730414531902
216,2022-06-28T02:14:00Z,63.956208546809464
217,2022-06-28T02:15:00Z,61.98409179475233
218,2022-06-28T02:16:00Z,63.33379090979659
219,2022-06-28T02:17:00Z,58.151064702685886
220,2022-06-28T02:18:00Z,70.16051152771306
221,2022-06-28T02:19:00Z,64.89956027790713
222,2022-06-28T02:20:00Z,66.37505371836667
223,2022-06-28T02:21:00Z,68.8022839838271
224,2022-06-28T02:22:00Z,69.12519251668992
225,2022-06-28T02:23:00Z,65.42324522589654
226,2022-06-28T02:24:00Z,68.98121615432383
227,2022-06-28T02:25:00Z,69.10870183201364
228,2022-06-28T02:26:00Z,65.0266231175283
229,2022-06-28T02:27:00Z,68.12243203695074
230,2022-06-28T02:28:00Z,65.23508228535938
231,2022-06-28T02:29:00Z,66.38985305076852
232,2022-06-28T02:30:00Z,64.5959625446359
233,2022-06-28T02:31:00Z,63.34415044247785
234,2022-06-28T02:32:00Z,64.83888301505974
235,2022-06-28T02:33:00Z,60.82276703927955
236,2022-06-28T02:34:00Z,60.42635634994564
237,2022-06-28T02:35:00Z,62.47268118304609
238,2022-06-28T02:36:00Z,61.131650248408604
239,2022-06-28T02:37:00Z,59.41239066138796
240,2022-06-28T02:38:00Z,57.379173808414826
241,2022-06-28T02:39:00Z,59.030567885421526
242,2022-06-28T02:40:00Z,58.296732417326474
243,2022-06-28T02:41:00Z,57.086358445893495
244,2022-06-28T02:42:00Z,60.546621530107714
245,2022-06-28T02:43:00Z,57.7914409253221
246,2022-06-28T02:44:00Z,55.574078093463726
247,2022-06-28T02:45:00Z,58.30328640739014
248,2022-06-28T02:46:00Z,62.09360685452568
249,2022-06-28T02:47:00Z,59.65044849402265
250,2022-06-28T02:48:00Z,56.68254809035862
251,2022-06-28T02:49:00Z,59.09103372923457
252,2022-06-28T02:50:00Z,59.93966973296068
253,2022-06-28T02:51:00Z,60.77460162420047
254,2022-06-28T02:52:00Z,59.06783496943572
255,2022-06-28T02:53:00Z,57.27008158671012
256,2022-06-28T02:54:00Z,60.47963394659213
257,2022-06-28T02:55:00Z,57.85021541686071
258,2022-06-28T02:56:00Z,61.22256043316251
259,2022-06-28T02:57:00Z,60.24622733271227
260,2022-06-28T02:58:00Z,54.9744937121565
261,2022-06-28T02:59:00Z,62.843721588262696
262,2022-06-28T03:00:00Z,61.44687602856697
263,2022-06-28T03:01:00Z,60.75617004347147
264,2022-06-28T03:02:00Z,62.80973687434048
265,2022-06-28T03:03:00Z,53.144239132122316
266,2022-06-28T03:04:00Z,54.22395614035084
267,2022-06-28T03:05:00Z,66.55349138332556
268,2022-06-28T03:06:00Z,63.07036279304454
269,2022-06-28T03:07:00Z,61.27287816332864
270,2022-06-28T03:08:00Z,61.313470617916444
271,2022-06-28T03:09:00Z,53.79667827200743
272,2022-06-28T03:10:00Z,68.98523311597576
273,2022-06-28T03:11:00Z,60.419379521813376
274,2022-06-28T03:12:00Z,54.95631167520569
275,2022-06-28T03:13:00Z,64.75482488654897
276,2022-06-28T03:14:00Z,58.5296839427765
277,2022-06-28T03:15:00Z,59.4817361046421
278,2022-06-28T03:16:00Z,60.51515234435641
279,2022-06-28T03:17:00Z,62.205870361745056
280,2022-06-28T03:18:00Z,58.713862172022964
281,2022-06-28T03:19:00Z,59.698440614811325
282,2022-06-28T03:20:00Z,53.29117536096878
283,2022-06-28T03:21:00Z,59.83248028256479
284,2022-06-28T03:22:00Z,57.59270703306935
285,2022-06-28T03:23:00Z,57.081642726416284
286,2022-06-28T03:24:00Z,62.10037226362364
287,2022-06-28T03:25:00Z,61.23968537494174
288,2022-06-28T03:26:00Z,53.02267318739324
289,2022-06-28T03:27:00Z,65.21647741033999
290,2022-06-28T03:28:00Z,53.86898358174194
291,2022-06-28T03:29:00Z,60.37307875329916
292,2022-06-28T03:30:00Z,57.99419177922679
293,2022-06-28T03:31:00Z,60.05510452569474
294,2022-06-28T03:32:00Z,62.396993168762585
295,2022-06-28T03:33:00Z,61.00395315168451
296,2022-06-28T03:34:00Z,58.692931687626135
297,2022-06-28T03:35:00Z,63.32321995808101
298,2022-06-28T03:36:00Z,58.44810844589345
299,2022-06-28T03:37:00Z,52.08164706567299
300,2022-06-28T03:38:00Z,64.6310581043316
301,2022-06-28T03:39:00Z,52.736200395901264
302,2022-06-28T03:40:00Z,64.79596495109453
303,2022-06-28T03:41:00Z,58.789338767272156
304,2022-06-28T03:42:00Z,57.71554149200431
305,2022-06-28T03:43:00Z,52.97806377115352
306,2022-06-28T03:44:00Z,62.283410980108876
307,2022-06-28T03:45:00Z,65.67229684831545
308,2022-06-28T03:46:00Z,58.617032254308306
309,2022-06-28T03:47:00Z,61.61875970346217
310,2022-06-28T03:48:00Z,61.99191429902188
311,2022-06-28T03:49:00Z,61.06463041453186
312,2022-06-28T03:50:00Z,55.96985452569476
313,2022-06-28T03:51:00Z,61.82045346219525
314,2022-06-28T03:52:00Z,63.33125388138486
315,2022-06-28T03:53:00Z,59.00181489675512
316,2022-06-28T03:54:00Z,57.107711768358925
317,2022-06-28T03:55:00Z,58.25698563887596
318,2022-06-28T03:56:00Z,53.622257568700476
319,2022-06-28T03:57:00Z,66.84080985095477
320,2022-06-28T03:58:00Z,61.12847896289395
321,2022-06-28T03:59:00Z,62.44773373699736
322,2022-06-28T04:00:00Z,66.44693619003257
323,2022-06-28T04:01:00Z,64.79342792268278
324,2022-06-28T04:02:00Z,55.437712816332834
325,2022-06-28T04:03:00Z,67.57464531904981
326,2022-06-28T04:04:00Z,59.962244985776984
327,2022-06-28T04:05:00Z,60.76864376649587
328,2022-06-28T04:06:00Z,62.28071269989129
329,2022-06-28T04:07:00Z,59.73522752678152
330,2022-06-28T04:08:00Z,63.15218195932305
331,2022-06-28T04:09:00Z,61.70861279304453
332,2022-06-28T04:10:00Z,65.16975380375713
333,2022-06-28T04:11:00Z,57.97009000931533
334,2022-06-28T04:12:00Z,60.9707603632976
335,2022-06-28T04:13:00Z,62.1464616131035
336,2022-06-28T04:14:00Z,60.88281004502406
337,2022-06-28T04:15:00Z,65.66849130569784
338,2022-06-28T04:16:00Z,63.148376416705474
339,2022-06-28T04:17:00Z,62.43314582362987
340,2022-06-28T04:18:00Z,62.17965440149038
341,2022-06-28T04:19:00Z,68.3930484008694
342,2022-06-28T04:20:00Z,65.45791794752367
343,2022-06-28T04:21:00Z,61.99466274646791
344,2022-06-28T04:22:00Z,63.0515464989908
345,2022-06-28T04:23:00Z,62.06654521813379
346,2022-06-28T04:24:00Z,62.689808531283916
347,2022-06-28T04:25:00Z,61.99014769590466
348,2022-06-28T04:26:00Z,83.3156380996739
349,2022-06-28T04:27:00Z,57.43794829995338
350,2022-06-28T04:28:00Z,36.64446343735443
351,2022-06-28T04:29:00Z,68.74527251203227
352,2022-06-28T04:30:00Z,62.70524212078866
353,2022-06-28T04:31:00Z,60.59084035863993
354,2022-06-28T04:32:00Z,70.59307487191427
355,2022-06-28T04:33:00Z,69.50278691197015
356,2022-06-28T04:34:00Z,73.6518854603322
357,2022-06-28T04:35:00Z,70.46474351808725
358,2022-06-28T04:36:00Z,71.68103722248095
359,2022-06-28T04:37:00Z,74.64386356932147
360,2022-06-28T04:38:00Z,70.34233189722089
361,2022-06-28T04:39:00Z,65.21478605806547
362,2022-06-28T04:40:00Z,70.64698672566368
363,2022-06-28T04:41:00Z,70.18672748796767
364,2022-06-28T04:42:00Z,66.4699808647725
365,2022-06-28T04:43:00Z,68.55689815246076
366,2022-06-28T04:44:00Z,67.21776998913211
367,2022-06-28T04:45:00Z,63.76563757930521
368,2022-06-28T04:46:00Z,59.86905577550067
369,2022-06-28T04:47:00Z,62.947951172178186
370,2022-06-28T04:48:00Z,60.1745562800807
371,2022-06-28T04:49:00Z,54.81191247477096
372,2022-06-28T04:50:00Z,54.93876389535784
373,2022-06-28T04:51:00Z,55.53242854370437
374,2022-06-28T04:52:00Z,54.88168075609375
375,2022-06-28T04:53:00Z,55.179781594472885
376,2022-06-28T04:54:00Z,59.67814438751745
377,2022-06-28T04:55:00Z,81.13929056047193
378,2022-06-28T04:56:00Z,66.64947562490293
379,2022-06-28T04:57:00Z,74.7988337214718
380,2022-06-28T04:58:00Z,73.07745994410801
381,2022-06-28T04:59:00Z,68.93618390001546
382,2022-06-28T05:00:00Z,69.37170711069705
383,2022-06-28T05:01:00Z,75.27389229156962
384,2022-06-28T05:02:00Z,67.34335289551309
385,2022-06-28T05:03:00Z,73.11657246545563
386,2022-06-28T05:04:00Z,70.08355499922371
387,2022-06-28T05:05:00Z,66.82918180406764
388,2022-06-28T05:06:00Z,63.418838695565164
389,2022-06-28T05:07:00Z,63.401445000776235
390,2022-06-28T05:08:00Z,71.13726746623192
391,2022-06-28T05:09:00Z,64.18348400869425
392,2022-06-28T05:10:00Z,66.46680957925787
393,2022-06-28T05:11:00Z,72.97111616984937
394,2022-06-28T05:12:00Z,63.52533655488274
395,2022-06-28T05:13:00Z,65.03930825958699
396,2022-06-28T05:14:00Z,68.2215875640428
397,2022-06-28T05:15:00Z,69.25246677534543
398,2022-06-28T05:16:00Z,77.51281986492775
399,2022-06-28T05:17:00Z,62.150478574755454
400,2022-06-28T05:18:00Z,55.38506947678928
401,2022-06-28T05:19:00Z,54.19478031361589
402,2022-06-28T05:20:00Z,54.82354052165811
403,2022-06-28T05:21:00Z,55.70727208507994
404,2022-06-28T05:22:00Z,64.85220241422137
405,2022-06-28T05:23:00Z,59.4906157040832
406,2022-06-28T05:24:00Z,56.56225065983543
407,2022-06-28T05:25:00Z,55.42946747399468
408,2022-06-28T05:26:00Z,61.44382657775002
409,2022-06-28T05:27:00Z,60.95342400248406
410,2022-06-28T05:28:00Z,59.28279079335502
411,2022-06-28T05:29:00Z,53.82606551777675
412,2022-06-28T05:30:00Z,59.15551653469954
413,2022-06-28T05:31:00Z,55.765623738549884
414,2022-06-28T05:32:00Z,56.09247756559538
415,2022-06-28T05:33:00Z,56.22672865238316
416,2022-06-28T05:34:00Z,62.62236585933858
417,2022-06-28T05:35:00Z,58.69546871603787
418,2022-06-28T05:36:00Z,60.67435087719298
419,2022-06-28T05:37:00Z,62.66655243750969
420,2022-06-28T05:38:00Z,57.156126727216225
421,2022-06-28T05:39:00Z,54.25186345287995
422,2022-06-28T05:40:00Z,54.73347601304143
423,2022-06-28T05:41:00Z,54.42657799281084
424,2022-06-28T05:42:00Z,57.697148036019215
425,2022-06-28T05:43:00Z,60.01494877271881
426,2022-06-28T05:44:00Z,55.54447942866011
427,2022-06-28T05:45:00Z,55.055678621332056
428,2022-06-28T05:46:00Z,55.34979833179391
429,2022-06-28T05:47:00Z,54.288227526781526
430,2022-06-28T05:48:00Z,54.1288175749107
431,2022-06-28T05:49:00Z,54.20450558919421
432,2022-06-28T05:50:00Z,54.491401218754824
433,2022-06-28T05:51:00Z,60.71811461729545
434,2022-06-28T05:52:00Z,56.00537292345906
435,2022-06-28T05:53:00Z,53.71803039124357
436,2022-06-28T05:54:00Z,52.18714516379441
437,2022-06-28T05:55:00Z,51.623079180251466
438,2022-06-28T05:56:00Z,58.88574584691816
439,2022-06-28T05:57:00Z,62.4544991460953
440,2022-06-28T05:58:00Z,56.7104554028877
441,2022-06-28T05:59:00Z,58.177492081974826
442,2022-06-28T06:00:00Z,61.37393646172951
443,2022-06-28T06:01:00Z,57.74344880453343
444,2022-06-28T06:02:00Z,58.215124670082254
445,2022-06-28T06:03:00Z,58.33161655798786
446,2022-06-28T06:04:00Z,58.22358143145471
447,2022-06-28T06:05:00Z,58.94071479583911
448,2022-06-28T06:06:00Z,57.823831038053335
449,2022-06-28T06:07:00Z,55.09901952336592
450,2022-06-28T06:08:00Z,56.57683857320289
451,2022-06-28T06:09:00Z,55.46371735755312
452,2022-06-28T06:10:00Z,56.23899095637321
453,2022-06-28T06:11:00Z,54.88083507995651
454,2022-06-28T06:12:00Z,54.534107863685726
455,2022-06-28T06:13:00Z,54.13389163173417
456,2022-06-28T06:14:00Z,54.72924763235519
457,2022-06-28T06:15:00Z,54.5081033224654
458,2022-06-28T06:16:00Z,54.93411267660296
459,2022-06-28T06:17:00Z,57.559514244682504
460,2022-06-28T06:18:00Z,57.24175143611238
461,2022-06-28T06:19:00Z,61.12869038192823
462,2022-06-28T06:20:00Z,57.582981757491055
463,2022-06-28T06:21:00Z,57.47135250737462
464,2022-06-28T06:22:00Z,58.69990851575838
465,2022-06-28T06:23:00Z,57.43710262381613
466,2022-06-28T06:24:00Z,57.8850995575221
467,2022-06-28T06:25:00Z,57.31722803136158
468,2022-06-28T06:26:00Z,56.90707510479739
469,2022-06-28T06:27:00Z,57.28675502343303
470,2022-06-28T06:28:00Z,56.958027092066416
471,2022-06-28T06:29:00Z,57.82125100916004
472,2022-06-28T06:30:00Z,57.54217788386895
473,2022-06-28T06:31:00Z,57.91913802204624
474,2022-06-28T06:32:00Z,57.553805930756056
475,2022-06-28T06:33:00Z,57.560148501785406
476,2022-06-28T06:34:00Z,57.756979622729354
477,2022-06-28T06:35:00Z,58.603078598043766
478,2022-06-28T06:36:00Z,57.94598823940378
479,2022-06-28T06:37:00Z,58.27537909486101
480,2022-06-28T06:38:00Z,57.42462890079177
481,2022-06-28T06:39:00Z,57.74535157584223
482,2022-06-28T06:40:00Z,54.42712983232415
483,2022-06-28T06:41:00Z,52.26494736842104
484,2022-06-28T06:42:00Z,52.6783616935309
485,2022-06-28T06:43:00Z,51.66100202160941
486,2022-06-28T06:44:00Z,50.62370140506129
487,2022-06-28T06:45:00Z,51.04104257879209
488,2022-06-28T06:46:00Z,50.23532463903116
489,2022-06-28T06:47:00Z,50.216296925943155
490,2022-06-28T06:48:00Z,49.69566501214412
491,2022-06-28T06:49:00Z,50.47317105263156
492,2022-06-28T06:50:00Z,50.334480166123235
493,2022-06-28T06:51:00Z,51.21377192982454
494,2022-06-28T06:52:00Z,51.02032351342957
495,2022-06-28T06:53:00Z,51.0930516612327
496,2022-06-28T06:54:00Z,52.95079071572734
497,2022-06-28T06:55:00Z,52.66643211457843
498,2022-06-28T06:56:00Z,51.13808391554102
499,2022-06-28T06:57:00Z,50.723068351187685
500,2022-06-28T06:58:00Z,50.426447446048726
501,2022-06-28T06:59:00Z,50.20086333643843
502,2022-06-28T07:00:00Z,55.78613138487811
503,2022-06-28T07:01:00Z,52.8850393960565
504,2022-06-28T07:02:00Z,51.76578702841171
505,2022-06-28T07:03:00Z,50.101496390312036
506,2022-06-28T07:04:00Z,49.60593017388602
507,2022-06-28T07:05:00Z,49.51776843657814
508,2022-06-28T07:06:00Z,49.429818118304574
509,2022-06-28T07:07:00Z,48.17731800844167
510,2022-06-28T07:08:00Z,50.2706316177612
511,2022-06-28T07:09:00Z,51.84105220462657
512,2022-06-28T07:10:00Z,51.66705433938829
513,2022-06-28T07:11:00Z,51.76388425710291
514,2022-06-28T07:12:00Z,51.927734008694294
515,2022-06-28T07:13:00Z,50.399597228691164
516,2022-06-28T07:14:00Z,50.03320804222943
517,2022-06-28T07:15:00Z,55.32270086166742
518,2022-06-28T07:16:00Z,57.32061073591053
519,2022-06-28T07:17:00Z,58.00603124514825
520,2022-06-28T07:18:00Z,58.29567532215492
521,2022-06-28T07:19:00Z,57.32505053563107
522,2022-06-28T07:20:00Z,52.02223831703151
523,2022-06-28T07:21:00Z,54.30302685918332
524,2022-06-28T07:22:00Z,54.915719220617916
525,2022-06-28T07:23:00Z,55.663085506908835
526,2022-06-28T07:24:00Z,55.45399208197483
527,2022-06-28T07:25:00Z,53.18144888216112
528,2022-06-28T07:26:00Z,53.11984622780292
529,2022-06-28T07:27:00Z,58.53312398130094
530,2022-06-28T07:28:00Z,58.014065168452085
531,2022-06-28T07:29:00Z,59.1491058795744
532,2022-06-28T07:30:00Z,53.27024487657193
533,2022-06-28T07:31:00Z,52.19158496351496
534,2022-06-28T07:32:00Z,59.6419917326502
535,2022-06-28T07:33:00Z,58.789127348237805
536,2022-06-28T07:34:00Z,59.07200601614655
537,2022-06-28T07:35:00Z,58.518722403353486
538,2022-06-28T07:36:00Z,54.731361822698304
539,2022-06-28T07:37:00Z,53.30491759819902
540,2022-06-28T07:38:00Z,55.5556846374786
541,2022-06-28T07:39:00Z,55.423547741033985
542,2022-06-28T07:40:00Z,55.07127857335561
543,2022-06-28T07:41:00Z,54.99504435896625
544,2022-06-28T07:42:00Z,55.118892912591186
545,2022-06-28T07:43:00Z,55.085700124204266
546,2022-06-28T07:44:00Z,55.58042066449307
547,2022-06-28T07:45:00Z,54.984218987734785
548,2022-06-28T07:46:00Z,54.0307191429902
549,2022-06-28T07:47:00Z,53.925221044868785
550,2022-06-28T07:48:00Z,54.01317136314231
551,2022-06-28T07:49:00Z,54.68907801583602
552,2022-06-28T07:50:00Z,53.43916868498676
553,2022-06-28T07:51:00Z,51.09726570842509
554,2022-06-28T07:52:00Z,56.04363976866944
555,2022-06-28T07:53:00Z,53.86686939139882
556,2022-06-28T07:54:00Z,53.91634144542769
557,2022-06-28T07:55:00Z,53.90640475081509
558,2022-06-28T07:56:00Z,51.08966895668374
559,2022-06-28T07:57:00Z,50.11227876106193
560,2022-06-28T07:58:00Z,49.86745551932927
561,2022-06-28T07:59:00Z,50.361964640583736
562,2022-06-28T08:00:00Z,50.762815129638234
563,2022-06-28T08:01:00Z,50.51228357397917
564,2022-06-28T08:02:00Z,51.748450667598185
565,2022-06-28T08:03:00Z,55.29119942555498
566,2022-06-28T08:04:00Z,55.264137789163144
567,2022-06-28T08:05:00Z,51.34168044558298
568,2022-06-28T08:06:00Z,53.90196495109453
569,2022-06-28T08:07:00Z,50.829834963514955
570,2022-06-28T08:08:00Z,50.9410413755628
571,2022-06-28T08:09:00Z,50.83646778779481
572,2022-06-28T08:10:00Z,50.732582207731674
573,2022-06-28T08:11:00Z,50.53448257258189
574,2022-06-28T08:12:00Z,50.32242928116752
575,2022-06-28T08:13:00Z,50.47570808104327
576,2022-06-28T08:14:00Z,50.78332277596641
577,2022-06-28T08:15:00Z,50.78374561403507
578,2022-06-28T08:16:00Z,50.32898327123115
579,2022-06-28T08:17:00Z,49.768299992237196
580,2022-06-28T08:18:00Z,50.398540133519596
581,2022-06-28T08:19:00Z,50.09853652383168
582,2022-06-28T08:20:00Z,50.27105445582979
583,2022-06-28T08:21:00Z,50.967257335817386
584,2022-06-28T08:22:00Z,49.99705538736218
585,2022-06-28T08:23:00Z,49.80741251358483
586,2022-06-28T08:24:00Z,50.034899394503924
587,2022-06-28T08:25:00Z,49.715022395590736
588,2022-06-28T08:26:00Z,49.823057522123875
589,2022-06-28T08:27:00Z,49.959845637323376
590,2022-06-28T08:28:00Z,49.25856870051231
591,2022-06-28T08:29:00Z,49.34038786679086
592,2022-06-28T08:30:00Z,51.08205787144852
593,2022-06-28T08:31:00Z,54.06962024530351
594,2022-06-28T08:32:00Z,49.2497500184201
595,2022-06-28T08:33:00Z,49.49958639962737
596,2022-06-28T08:34:00Z,49.66237905604718
597,2022-06-28T08:35:00Z,50.050755822077306
598,2022-06-28T08:36:00Z,50.13934039745378
599,2022-06-28T08:37:00Z,50.21016577394814
600,2022-06-28T08:38:00Z,49.999169577705295
601,2022-06-28T08:39:00Z,49.757306202453016
602,2022-06-28T08:40:00Z,49.88563755628006
603,2022-06-28T08:41:00Z,49.62770633442011
604,2022-06-28T08:42:00Z,48.912687160378795
605,2022-06-28T08:43:00Z,49.34609618071726
606,2022-06-28T08:44:00Z,48.824736842105246
607,2022-06-28T08:45:00Z,49.571257452258955
608,2022-06-28T08:46:00Z,49.79367027635457
609,2022-06-28T08:47:00Z,50.18141278528178
610,2022-06-28T08:48:00Z,49.08901063499454
611,2022-06-28T08:49:00Z,49.73426152771306
612,2022-06-28T08:50:00Z,49.86597558608909
613,2022-06-28T08:51:00Z,49.90318533612791
614,2022-06-28T08:52:00Z,50.20543572097709
615,2022-06-28T08:53:00Z,50.20107475547273
616,2022-06-28T08:54:00Z,49.86069011023132
617,2022-06-28T08:55:00Z,50.40530554261758
618,2022-06-28T08:56:00Z,50.699600838379105
619,2022-06-28T08:57:00Z,50.27803128396211
620,2022-06-28T08:58:00Z,50.931950357087395
621,2022-06-28T08:59:00Z,50.58606881695387
622,2022-06-28T09:00:00Z,51.28079176370127
623,2022-06-28T09:01:00Z,51.63090168452103
624,2022-06-28T09:02:00Z,52.287569205092346
625,2022-06-28T09:03:00Z,51.25478722248094
626,2022-06-28T09:04:00Z,51.2076407778295
627,2022-06-28T09:05:00Z,51.51018141592918
628,2022-06-28T09:06:00Z,51.28290595404436
629,2022-06-28T09:07:00Z,50.903620206489656
630,2022-06-28T09:08:00Z,51.869805193292954
631,2022-06-28T09:09:00Z,51.524135072193744
632,2022-06-28T09:10:00Z,51.25838134606423
633,2022-06-28T09:11:00Z,50.82116678310817
634,2022-06-28T09:12:00Z,51.46276980164149
635,2022-06-28T09:13:00Z,50.74294174041295
636,2022-06-28T09:14:00Z,50.73110227449151
637,2022-06-28T09:15:00Z,50.69621813383012
638,2022-06-28T09:16:00Z,49.913333449774825
639,2022-06-28T09:17:00Z,50.523065944729055
640,2022-06-28T09:18:00Z,51.10700531749724
641,2022-06-28T09:19:00Z,50.108896056512926
642,2022-06-28T09:20:00Z,50.497061403508766
643,2022-06-28T09:21:00Z,50.14864283496351
644,2022-06-28T09:22:00Z,50.025596956994214
645,2022-06-28T09:23:00Z,54.767937315634185
646,2022-06-28T09:24:00Z,49.78479067691349
647,2022-06-28T09:25:00Z,49.54504149200432
648,2022-06-28T09:26:00Z,49.07611407390155
649,2022-06-28T09:27:00Z,49.86872403353513
650,2022-06-28T09:28:00Z,50.0938853050768
651,2022-06-28T09:29:00Z,49.84039388293741
652,2022-06-28T09:30:00Z,49.58922807017542
653,2022-06-28T09:31:00Z,49.55582386275419
654,2022-06-28T09:32:00Z,49.32478585873336
655,2022-06-28T09:33:00Z,49.820943331780754
656,2022-06-28T09:34:00Z,49.89324864151528
657,2022-06-28T09:35:00Z,49.889231679863364
658,2022-06-28T09:36:00Z,50.09388530507682
659,2022-06-28T09:37:00Z,50.30107595870206
660,2022-06-28T09:38:00Z,49.41142466231949
661,2022-06-28T09:39:00Z,49.57633150908241
662,2022-06-28T09:40:00Z,50.078663134606415
663,2022-06-28T09:41:00Z,49.95202313305386
664,2022-06-28T09:42:00Z,50.03574507064116
665,2022-06-28T09:43:00Z,50.25456377115353
666,2022-06-28T09:44:00Z,50.42179622729389
667,2022-06-28T09:45:00Z,52.411037921130216
668,2022-06-28T09:46:00Z,56.04321693060083
669,2022-06-28T09:47:00Z,52.79793475392018
670,2022-06-28T09:48:00Z,51.32476692283805
671,2022-06-28T09:49:00Z,51.58756078248717
672,2022-06-28T09:50:00Z,56.107911155100105
673,2022-06-28T09:51:00Z,52.88503939605648
674,2022-06-28T09:52:00Z,53.760500533525935
675,2022-06-28T09:53:00Z,51.71716065052006
676,2022-06-28T09:54:00Z,51.02138060860113
677,2022-06-28T09:55:00Z,53.269610619469006
678,2022-06-28T09:56:00Z,53.76052561714016
679,2022-06-28T09:57:00Z,53.631137168141585
680,2022-06-28T09:58:00Z,51.70828105107899
681,2022-06-28T09:59:00Z,54.83009451172178
682,2022-06-28T10:00:00Z,52.06938476168296
683,2022-06-28T10:01:00Z,53.88018879056046
684,2022-06-28T10:02:00Z,54.087802282254266
685,2022-06-28T10:03:00Z,58.30709195000773
686,2022-06-28T10:04:00Z,51.70109280391244
687,2022-06-28T10:05:00Z,47.84290684676289
688,2022-06-28T10:06:00Z,46.897440925322144
689,2022-06-28T10:07:00Z,47.76108768048439
690,2022-06-28T10:08:00Z,81.2183612793044
691,2022-06-28T10:09:00Z,61.78578074056819
692,2022-06-28T10:10:00Z,54.07025450240645
693,2022-06-28T10:11:00Z,52.28608927185217
694,2022-06-28T10:12:00Z,55.161671224991345
695,2022-06-28T10:13:00Z,55.51636069709668
696,2022-06-28T10:14:00Z,55.719322970035684
697,2022-06-28T10:15:00Z,55.83835188635301
698,2022-06-28T10:16:00Z,56.17725659835429
699,2022-06-28T10:17:00Z,55.814672954510144
700,2022-06-28T10:18:00Z,54.45715133519636
701,2022-06-28T10:19:00Z,54.413599014128216
702,2022-06-28T10:20:00Z,54.616138448998576
703,2022-06-28T10:21:00Z,55.06413538270453
704,2022-06-28T10:22:00Z,54.6182526393417
705,2022-06-28T10:23:00Z,54.749121021580464
706,2022-06-28T10:24:00Z,55.10219080888059
707,2022-06-28T10:25:00Z,55.079568972209245
708,2022-06-28T10:26:00Z,54.58590552709205
709,2022-06-28T10:27:00Z,50.57422935103243
710,2022-06-28T10:28:00Z,53.20195652848934
711,2022-06-28T10:29:00Z,53.877863181183045
712,2022-06-28T10:30:00Z,54.086110929979796
713,2022-06-28T10:31:00Z,53.615492159602496
714,2022-06-28T10:32:00Z,53.49346754307018
715,2022-06-28T10:33:00Z,53.2491029731408
716,2022-06-28T10:34:00Z,51.47762288464523
717,2022-06-28T10:35:00Z,50.06301812606737
718,2022-06-28T10:36:00Z,52.77319872690571
719,2022-06-28T10:37:00Z,50.035485129205554
720,2022-06-28T10:38:00Z,50.101374555614306
721,2022-06-28T10:39:00Z,49.415653043005726
722,2022-06-28T10:40:00Z,49.86618700512344
723,2022-06-28T10:41:00Z,50.25456377115353
724,2022-06-28T10:42:00Z,49.92834420121098
725,2022-06-28T10:43:00Z,49.92961271541683
726,2022-06-28T10:44:00Z,50.08373719142988
727,2022-06-28T10:45:00Z,50.73215936966306
728,2022-06-28T10:46:00Z,50.21397131656574
729,2022-06-28T10:47:00Z,50.04716169849401
730,2022-06-28T10:48:00Z,50.19430934637475
731,2022-06-28T10:49:00Z,50.03172810898927
732,2022-06-28T10:50:00Z,50.252449580810406
733,2022-06-28T10:51:00Z,49.9625940847694
734,2022-06-28T10:52:00Z,49.292184326967856
735,2022-06-28T10:53:00Z,50.05688697407231
736,2022-06-28T10:54:00Z,50.205435720977064
737,2022-06-28T10:55:00Z,50.70192644775652
738,2022-06-28T10:56:00Z,51.479102817885384
739,2022-06-28T10:57:00Z,50.941252794597105
740,2022-06-28T10:58:00Z,50.81778407855917
741,2022-06-28T10:59:00Z,50.047161698493994
742,2022-06-28T11:00:00Z,50.38204944884331
743,2022-06-28T11:01:00Z,51.18565319826112
744,2022-06-28T11:02:00Z,51.81906462505819
745,2022-06-28T11:03:00Z,51.69094469026547
746,2022-06-28T11:04:00Z,51.424345287998726
747,2022-06-28T11:05:00Z,51.4440072581897
748,2022-06-28T11:06:00Z,50.841040172333486
749,2022-06-28T11:07:00Z,51.56599604098739
750,2022-06-28T11:08:00Z,51.87995330693987
751,2022-06-28T11:09:00Z,51.955641321223375
752,2022-06-28T11:10:00Z,51.74506796304919
753,2022-06-28T11:11:00Z,52.137038852662606
754,2022-06-28T11:12:00Z,51.80130542617601
755,2022-06-28T11:13:00Z,51.98372063567873
756,2022-06-28T11:14:00Z,56.35992264399936
757,2022-06-28T11:15:00Z,51.5841780779382
758,2022-06-28T11:16:00Z,51.93471083682656
759,2022-06-28T11:17:00Z,51.4681090281012
760,2022-06-28T11:18:00Z,50.93131609998446
761,2022-06-28T11:19:00Z,51.014192361434525
762,2022-06-28T11:20:00Z,51.74105100139726
763,2022-06-28T11:21:00Z,52.44063658593385
764,2022-06-28T11:22:00Z,52.89243906225738
765,2022-06-28T11:23:00Z,53.331979234590904
766,2022-06-28T11:24:00Z,53.03895245303522
767,2022-06-28T11:25:00Z,53.05311752833407
768,2022-06-28T11:26:00Z,53.41548975314389
769,2022-06-28T11:27:00Z,53.38694818351186
770,2022-06-28T11:28:00Z,53.03366697717743
771,2022-06-28T11:29:00Z,53.12478858096564
772,2022-06-28T11:30:00Z,53.74826331315013
773,2022-06-28T11:31:00Z,53.81993436578169
774,2022-06-28T11:32:00Z,54.161798944263296
775,2022-06-28T11:33:00Z,54.4797731718677
776,2022-06-28T11:34:00Z,53.714013429591645
777,2022-06-28T11:35:00Z,52.47650615429754
778,2022-06-28T11:36:00Z,52.739583100450226
779,2022-06-28T11:37:00Z,52.53556373233967
780,2022-06-28T11:38:00Z,52.41336353050765
781,2022-06-28T11:39:00Z,58.22400426952332
782,2022-06-28T11:40:00Z,55.24637859028099
783,2022-06-28T11:41:00Z,55.899451987268996
784,2022-06-28T11:42:00Z,55.61467054805152
785,2022-06-28T11:43:00Z,56.598826152771274
786,2022-06-28T11:44:00Z,56.535823280546474
787,2022-06-28T11:45:00Z,56.214466348393096
788,2022-06-28T11:46:00Z,56.11869352584999
789,2022-06-28T11:47:00Z,56.82271891010711
790,2022-06-28T11:48:00Z,55.94152437509702
791,2022-06-28T11:49:00Z,56.53053780468868
792,2022-06-28T11:50:00Z,56.86923109765563
793,2022-06-28T11:51:00Z,54.067717473994705
794,2022-06-28T11:52:00Z,54.00450318273559
795,2022-06-28T11:53:00Z,54.0878022822543
796,2022-06-28T11:54:00Z,55.271960293432656
797,2022-06-28T11:55:00Z,53.48462377736374
798,2022-06-28T11:56:00Z,55.46589963199203
799,2022-06-28T11:57:00Z,55.19014112715414
800,2022-06-28T11:58:00Z,55.05800423070951
801,2022-06-28T11:59:00Z,54.96286566526934
802,2022-06-28T12:00:00Z,54.723962156497414
803,2022-06-28T12:01:00Z,55.04806753609685
804,2022-06-28T12:02:00Z,55.65780003105106
805,2022-06-28T12:03:00Z,59.36270718832476
806,2022-06-28T12:04:00Z,63.68094096413598
807,2022-06-28T12:05:00Z,60.03248268902341
808,2022-06-28T12:06:00Z,57.08572418879054
809,2022-06-28T12:07:00Z,57.38086516068932
810,2022-06-28T12:08:00Z,57.32378202142522
811,2022-06-28T12:09:00Z,62.396147492625325
812,2022-06-28T12:10:00Z,59.20689136003725
813,2022-06-28T12:11:00Z,59.355730360192446
814,2022-06-28T12:12:00Z,58.78341903431143
815,2022-06-28T12:13:00Z,55.79775943176522
816,2022-06-28T12:14:00Z,58.68045796460177
817,2022-06-28T12:15:00Z,54.68675240645862
818,2022-06-28T12:16:00Z,56.54951176717478
819,2022-06-28T12:17:00Z,63.93252961496657
820,2022-06-28T12:18:00Z,64.78814244682499
821,2022-06-28T12:19:00Z,57.37536826579721
822,2022-06-28T12:20:00Z,57.30538856544011
823,2022-06-28T12:21:00Z,56.14808077161928
824,2022-06-28T12:22:00Z,58.45762230243747
825,2022-06-28T12:23:00Z,59.20181730321372
826,2022-06-28T12:24:00Z,58.768831120943936
827,2022-06-28T12:25:00Z,61.27308958236296
828,2022-06-28T12:26:00Z,67.67824064586243
829,2022-06-28T12:27:00Z,67.56280585312835
830,2022-06-28T12:28:00Z,67.3991675205713
831,2022-06-28T12:29:00Z,66.8209364617295
832,2022-06-28T12:30:00Z,64.17122170470421
833,2022-06-28T12:31:00Z,61.164631617761174
834,2022-06-28T12:32:00Z,50.57169232262068
835,2022-06-28T12:33:00Z,55.05736997360656
836,2022-06-28T12:34:00Z,49.18076649588572
837,2022-06-28T12:35:00Z,51.547179746933665
838,2022-06-28T12:36:00Z,59.46101703927961
839,2022-06-28T12:37:00Z,60.75617004347147
840,2022-06-28T12:38:00Z,60.03126075867258
841,2022-06-28T12:39:00Z,55.648074755472734
842,2022-06-28T12:40:00Z,51.813990568234715
843,2022-06-28T12:41:00Z,77.05404056047195
844,2022-06-28T12:42:00Z,85.6526641049526
845,2022-06-28T12:43:00Z,85.54484039745378
846,2022-06-28T12:44:00Z,81.26212501940688
847,2022-06-28T12:45:00Z,62.42215203384567
848,2022-06-28T12:46:00Z,60.21007467784502
849,2022-06-28T12:47:00Z,59.93797838068621
850,2022-06-28T12:48:00Z,61.72764050613257
851,2022-06-28T12:49:00Z,61.42552270610152
852,2022-06-28T12:50:00Z,57.25253380686227
853,2022-06-28T12:51:00Z,57.63287664958854
854,2022-06-28T12:52:00Z,50.836388953578606
855,2022-06-28T12:53:00Z,51.552676641825755
856,2022-06-28T12:54:00Z,48.60718665579875
857,2022-06-28T12:55:00Z,49.073154207421176
858,2022-06-28T12:56:00Z,48.36405476634062
859,2022-06-28T12:57:00Z,48.53400700293929
860,2022-06-28T12:58:00Z,48.660041414376614
861,2022-06-28T12:59:00Z,48.727695505356294
862,2022-06-28T13:00:00Z,48.194496700822846
863,2022-06-28T13:01:00Z,47.90417331019772
864,2022-06-28T13:02:00Z,50.03214378031097
865,2022-06-28T13:03:00Z,50.005934986803275
866,2022-06-28T13:04:00Z,71.64002192982454
867,2022-06-28T13:05:00Z,60.098234008694234
868,2022-06-28T13:06:00Z,58.05698323241731
869,2022-06-28T13:07:00Z,63.56127779071572
870,2022-06-28T13:08:00Z,60.97520016301812
871,2022-06-28T13:09:00Z,62.280078442788366
872,2022-06-28T13:10:00Z,69.58777736376334
873,2022-06-28T13:11:00Z,59.63792971448276
874,2022-06-28T13:12:00Z,65.78042514255864
875,2022-06-28T13:13:00Z,57.06733073280545
876,2022-06-28T13:14:00Z,58.49948327123116
877,2022-06-28T13:15:00Z,69.70426925166896
878,2022-06-28T13:16:00Z,68.5799714941884
879,2022-06-28T13:17:00Z,65.21436321999684
880,2022-06-28T13:18:00Z,64.11329288930285
881,2022-06-28T13:19:00Z,61.64434140661385
882,2022-06-28T13:20:00Z,70.09243459866477
883,2022-06-28T13:21:00Z,69.40532273715263
884,2022-06-28T13:22:00Z,64.66340521658122
885,2022-06-28T13:23:00Z,69.89962043937267
886,2022-06-28T13:24:00Z,70.4719317652538
887,2022-06-28T13:25:00Z,61.950264749262494
888,2022-06-28T13:26:00Z,69.37508981524603
889,2022-06-28T13:27:00Z,70.31653877503491
890,2022-06-28T13:28:00Z,71.10344042074209
891,2022-06-28T13:29:00Z,68.23046716348391
892,2022-06-28T13:30:00Z,61.948573396988
893,2022-06-28T13:31:00Z,65.06573563887592
894,2022-06-28T13:32:00Z,60.73735374941778
895,2022-06-28T13:33:00Z,63.06338596491227
896,2022-06-28T13:34:00Z,53.98061283185839
897,2022-06-28T13:35:00Z,53.4345174662319
898,2022-06-28T13:36:00Z,54.867092842726265
899,2022-06-28T13:37:00Z,54.97174526471043
900,2022-06-28T13:38:00Z,55.49775582207728
901,2022-06-28T13:39:00Z,56.14939228630672
902,2022-06-28T13:40:00Z,54.472373505666816
903,2022-06-28T13:41:00Z,56.45019857165035
904,2022-06-28T13:42:00Z,56.37324204316098
905,2022-06-28T13:43:00Z,55.830106544014896
906,2022-06-28T13:44:00Z,56.24385359416235
907,2022-06-28T13:45:00Z,55.759281167520555
908,2022-06-28T13:46:00Z,57.01785867877657
909,2022-06-28T13:47:00Z,61.95005333022823
910,2022-06-28T13:48:00Z,55.02290867101379
911,2022-06-28T13:49:00Z,51.336183550690905
912,2022-06-28T13:50:00Z,49.27273377581118
913,2022-06-28T13:51:00Z,49.06469744604872
914,2022-06-28T13:52:00Z,47.61436287067224
915,2022-06-28T13:53:00Z,48.47462692128548
916,2022-06-28T13:54:00Z,52.62330263157891
917,2022-06-28T13:55:00Z,66.89599021891006
918,2022-06-28T13:56:00Z,62.36337754230709
919,2022-06-28T13:57:00Z,54.89859427883866
920,2022-06-28T13:58:00Z,52.63070229777982
921,2022-06-28T13:59:00Z,55.287232631131566
922,2022-06-28T14:00:00Z,55.90917726284735
923,2022-06-28T14:01:00Z,55.61678473839465
924,2022-06-28T14:02:00Z,56.21721479583912
925,2022-06-28T14:03:00Z,56.255058802980884
926,2022-06-28T14:04:00Z,56.030531788542135
927,2022-06-28T14:05:00Z,56.14956070485946
928,2022-06-28T14:06:00Z,56.08169519484553
929,2022-06-28T14:07:00Z,55.777040366402694
930,2022-06-28T14:08:00Z,55.67851909641357
931,2022-06-28T14:09:00Z,56.342797702220125
932,2022-06-28T14:10:00Z,57.237945893494754
933,2022-06-28T14:11:00Z,56.19480437820213
934,2022-06-28T14:12:00Z,56.75358488588726
935,2022-06-28T14:13:00Z,56.275777868343404
936,2022-06-28T14:14:00Z,55.462237424313
937,2022-06-28T14:15:00Z,55.88570975003879
938,2022-06-28T14:16:00Z,55.623550147492615
939,2022-06-28T14:17:00Z,55.93352986890128
940,2022-06-28T14:18:00Z,55.851882704548956
941,2022-06-28T14:19:00Z,55.828415191740376
942,2022-06-28T14:20:00Z,56.20854661543235
943,2022-06-28T14:21:00Z,55.98972791492
944,2022-06-28T14:22:00Z,55.47069418568544
945,2022-06-28T14:23:00Z,56.21658053873623
946,2022-06-28T14:24:00Z,56.81130228225428
947,2022-06-28T14:25:00Z,56.91954882782175
948,2022-06-28T14:26:00Z,57.39481881695386
949,2022-06-28T14:27:00Z,56.26520691662785
950,2022-06-28T14:28:00Z,56.1375098199037
951,2022-06-28T14:29:00Z,57.43456559540442
952,2022-06-28T14:30:00Z,57.08065013196708
953,2022-06-28T14:31:00Z,57.326741887905584
954,2022-06-28T14:32:00Z,56.641955635770806
955,2022-06-28T14:33:00Z,57.11976265331468
956,2022-06-28T14:34:00Z,56.13349285825181
957,2022-06-28T14:35:00Z,57.118916977177435
958,2022-06-28T14:36:00Z,64.1170984319205
959,2022-06-28T14:37:00Z,57.940068506443055
960,2022-06-28T14:38:00Z,58.78003632976247
961,2022-06-28T14:39:00Z,59.13416321223408
962,2022-06-28T14:40:00Z,59.34239304416356
963,2022-06-28T14:41:00Z,59.70351467163485
964,2022-06-28T14:42:00Z,59.60626191585159
965,2022-06-28T14:43:00Z,59.3967456528489
966,2022-06-28T14:44:00Z,60.12783267349787
967,2022-06-28T14:45:00Z,60.081743324017985
968,2022-06-28T14:46:00Z,59.66884195000772
969,2022-06-28T14:47:00Z,60.562510208042184
970,2022-06-28T14:48:00Z,60.47434847073433
971,2022-06-28T14:49:00Z,60.61240510013971
972,2022-06-28T14:50:00Z,59.53987633907775
973,2022-06-28T14:51:00Z,57.067542151839746
974,2022-06-28T14:52:00Z,61.71030414531902
975,2022-06-28T14:53:00Z,50.57761205558141
976,2022-06-28T14:54:00Z,50.11883275112558
977,2022-06-28T14:55:00Z,50.845902810122645
978,2022-06-28T14:56:00Z,50.66365960254616
979,2022-06-28T14:57:00Z,55.64469205092373
980,2022-06-28T14:58:00Z,81.33992722403352
981,2022-06-28T14:59:00Z,70.15184334730628
982,2022-06-28T15:00:00Z,71.90345004657661
983,2022-06-28T15:01:00Z,60.805054424252425
984,2022-06-28T15:02:00Z,66.35243188169537
985,2022-06-28T15:03:00Z,63.74838363608135
986,2022-06-28T15:04:00Z,63.58072834187236
987,2022-06-28T15:05:00Z,61.97542361434559
988,2022-06-28T15:06:00Z,61.66632898618221
989,2022-06-28T15:07:00Z,61.178796693060065
990,2022-06-28T15:08:00Z,53.54445536407389
991,2022-06-28T15:09:00Z,58.21343331780776
992,2022-06-28T15:10:00Z,57.87621995808099
993,2022-06-28T15:11:00Z,58.58975919888215
994,2022-06-28T15:12:00Z,58.447051350721885
995,2022-06-28T15:13:00Z,58.36523218444337
996,2022-06-28T15:14:00Z,57.62759117373078
997,2022-06-28T15:15:00Z,57.717655682347434
998,2022-06-28T15:16:00Z,57.55570870206488
999,2022-06-28T15:17:00Z,57.43202856699268
1000,2022-06-28T15:18:00Z,57.88171685297312
